country_of_origin,continent_of_origin,farm_name,lot_number,mill,company,altitude,region,producer,in_country_partner,harvest_year,grading_date,owner,variety,processing_method,aroma,flavor,aftertaste,acidity,body,balance,uniformity,clean_cup,sweetness,overall,total_cup_points,moisture_percentage,color,expiration,certification_body
Colombia,South America,Finca El Paraiso,CQU2022015,Finca El Paraiso,Coffee Quality Union,1700-1930,"Piendamo,Cauca",Diego Samuel Bermudez,Japan Coffee Exchange,2021 / 2022,2022-09-21,Coffee Quality Union,Castillo,Double Anaerobic Washed,8.58,8.5,8.42,8.58,8.25,8.42,10,10,10,8.58,89.33,11.8,green,"September 21st, 2023",Japan Coffee Exchange
Taiwan,Asia,Royal Bean Geisha Estate,"The 2022 Pacific Rim Coffee Summit,T037",Royal Bean Geisha Estate,Taiwan Coffee Laboratory,1200,Chiayi,曾福森,Taiwan Coffee Laboratory 台灣咖啡研究室,2021 / 2022,2022-11-15,Taiwan Coffee Laboratory 台灣咖啡研究室,Gesha,Washed / Wet,8.5,8.5,7.92,8,7.92,8.25,10,10,10,8.5,87.58,10.5,blue-green,"November 15th, 2023",Taiwan Coffee Laboratory 台灣咖啡研究室
Laos,Asia,OKLAO coffee farms,"The 2022 Pacific Rim Coffee Summit,LA01",oklao coffee processing plant,Taiwan Coffee Laboratory,1300,Laos Borofen Plateau,WU TAO CHI,Taiwan Coffee Laboratory 台灣咖啡研究室,2021 / 2022,2022-11-15,Taiwan Coffee Laboratory 台灣咖啡研究室,Java,Semi Washed,8.33,8.42,8.08,8.17,7.92,8.17,10,10,10,8.33,87.42,10.4,yellowish,"November 15th, 2023",Taiwan Coffee Laboratory 台灣咖啡研究室
Costa Rica,North America,La Cumbre,CQU2022017,La Montana Tarrazu MIll,Coffee Quality Union,1900,"Los Santos,Tarrazu",Santa Maria de Dota,Japan Coffee Exchange,2022,2022-09-21,Coffee Quality Union,Gesha,Washed / Wet,8.08,8.17,8.17,8.25,8.17,8.08,10,10,10,8.25,87.17,11.8,green,"September 21st, 2023",Japan Coffee Exchange
Colombia,South America,Finca Santuario,CQU2023002,Finca Santuario,Coffee Quality Union,1850-2100,"Popayan,Cauca",Camilo Merizalde,Japan Coffee Exchange,2022,2023-03-06,Coffee Quality Union,Red Bourbon,"Honey,Mossto",8.33,8.33,8.08,8.25,7.92,7.92,10,10,10,8.25,87.08,11.6,yellow-green,"March 5th, 2024",Japan Coffee Exchange
Guatemala,North America,La Colina,"The 2022 Pacific Rim Coffee Summit,GT02",Dinámica Café,Taiwan Coffee Laboratory,1668,Chimaltenango,Emilio Antonio Medina Garcia,Taiwan Coffee Laboratory 台灣咖啡研究室,2022,2022-11-15,Taiwan Coffee Laboratory 台灣咖啡研究室,Gesha,Washed / Wet,8.33,8.33,8.25,7.83,7.83,8.17,10,10,10,8.25,87,10.7,green,"November 15th, 2023",Taiwan Coffee Laboratory 台灣咖啡研究室
Taiwan,Asia,野牡丹咖啡莊園 Melastoma Coffee Estate,"The 2022 Pacific Rim Coffee Summit,T034",野牡丹咖啡,Taiwan Coffee Laboratory,1250,Chiayi,黃保錫,Taiwan Coffee Laboratory 台灣咖啡研究室,2021 / 2022,2022-11-15,Taiwan Coffee Laboratory 台灣咖啡研究室,Gesha,Washed / Wet,8.33,8.17,8.08,8,7.83,8.25,10,10,10,8.25,86.92,9.1,green,"November 15th, 2023",Taiwan Coffee Laboratory 台灣咖啡研究室
Taiwan,Asia,七彩琉璃咖啡莊園 Chi Tsai Liu Li Ecological Farm,"The 2022 Pacific Rim Coffee Summit,T050",七彩琉璃咖啡莊園,Taiwan Coffee Laboratory,1200,Chiayi,莊家榮,Taiwan Coffee Laboratory 台灣咖啡研究室,2021 / 2022,2022-11-15,Taiwan Coffee Laboratory 台灣咖啡研究室,Sl34+Gesha,Natural / Dry,8.25,8.25,8.17,8,7.92,8.08,10,10,10,8.08,86.75,10,yellow green,"November 15th, 2023",Taiwan Coffee Laboratory 台灣咖啡研究室
Taiwan,Asia,亮軒咖啡莊園 Liang Xuan Coffee Farm,"The 2022 Pacific Rim Coffee Summit,T018",亮軒咖啡莊園,Taiwan Coffee Laboratory,1250,Chiayi,鍾旭亮,Taiwan Coffee Laboratory 台灣咖啡研究室,2021 / 2022,2022-11-15,Taiwan Coffee Laboratory 台灣咖啡研究室,SL34,Washed / Wet,8.08,8.08,8.25,8.08,7.92,8,10,10,10,8.25,86.67,10.8,greenish,"November 15th, 2023",Taiwan Coffee Laboratory 台灣咖啡研究室
"Tanzania, United Republic Of",Africa,MASHIMA AMCOS,CN 4127230034/4189230113,GOURMET COFFEE MILL,DORMAN (T) LIMITED,1400-1700,KILIMANJARO,DORMAN (T) LIMITED,Kenya Coffee Traders Association,2022 / 2023,2023-02-01,Gilbert Maina,Bourbon,Washed / Wet,8.08,8.17,8.08,8.17,8,8,10,10,10,8,86.5,11,greenish,"February 1st, 2024",Kenya Coffee Traders Association
Ethiopia,Africa,TADE GG,010/0296/600,Moledo社　委託精選場,"Marubeni corp.,",1800-2200,Guji,Tesfaye Bekele Degaga,Japan Coffee Exchange,2021 / 2022,2022-05-31,ERI ASAEDA,Ethiopian Heirlooms,Natural / Dry,8.08,8.25,8,8.08,7.92,7.92,10,10,10,8,86.25,11.8,greenish,"May 31st, 2023",Japan Coffee Exchange
Guatemala,North America,Karen Acajabon Coffee Farm,"The 2022 Pacific Rim Coffee Summit,GT12",Cafetoland,Taiwan Coffee Laboratory,2000,Acatenango,Karen Acajabon,Taiwan Coffee Laboratory 台灣咖啡研究室,2021,2022-11-15,Full Sweet Coffee,Gesha,Natural / Dry,8.08,8,8,7.75,8.25,8.17,10,10,10,8,86.25,11.5,brownish,"November 15th, 2023",Taiwan Coffee Laboratory 台灣咖啡研究室
Taiwan,Asia,古峰咖啡莊園 Goodfun Coffee Farm,"The 2022 Pacific Rim Coffee Summit,T051",古峰咖啡莊園,Taiwan Coffee Laboratory,1250,Yunlin,賴彥合,Taiwan Coffee Laboratory 台灣咖啡研究室,2021 / 2022,2022-11-15,Goodfun,Gesha,Washed / Wet,8.08,8,8.08,8.08,8,8,10,10,10,8,86.25,11.9,green,"November 15th, 2023",Taiwan Coffee Laboratory 台灣咖啡研究室
Ethiopia,Africa,Gelana Geisha,"Grade 1, Guji, Natural, Gelana Geisha",Dry Mill or Hulling Facility,Kerchanshe Trading PLC,1900-2000,Guji,Kerchanshe,METAD Agricultural Development plc,2021 / 2022,2022-08-26,Isreal Degefa,Gesha,Natural / Dry,7.67,8.17,8,8.33,8,8,10,10,10,8,86.17,11.6,yellow- green,"August 26th, 2023",METAD Agricultural Development plc
Colombia,South America,La Gaitania,"The 2022 Pacific Rim Coffee Summit,CO03",La Gaitania,Taiwan Coffee Laboratory,1850,tolima,Josue Enciso Suarez,Taiwan Coffee Laboratory 台灣咖啡研究室,2021 / 2022,2022-11-15,PeiHsun Lin,Caturra,Washed / Wet,8.08,8,8.08,7.92,8.08,8,10,10,10,8,86.17,10.6,green,"November 15th, 2023",Taiwan Coffee Laboratory 台灣咖啡研究室
Taiwan,Asia,青葉咖啡莊園,"The 2022 Pacific Rim Coffee Summit,T014",青葉咖啡莊園,Taiwan Coffee Laboratory,1100,Chiayi,葉世遠,Taiwan Coffee Laboratory 台灣咖啡研究室,2021 / 2022,2022-11-15,Taiwan Coffee Laboratory 台灣咖啡研究室,SL34,Pulped natural / honey,8.17,8.08,8,7.92,8,7.92,10,10,10,8,86.08,10.2,green,"November 15th, 2023",Taiwan Coffee Laboratory 台灣咖啡研究室
Ethiopia,Africa,Halo Bariti Cooprative,CQU2023006,Halo Bariti Cooprative,Coffee Quality Union,1900-2100,"Gedeb,Yirgacheffe,Sidamo",Halo Bariti Cooprative,Japan Coffee Exchange,2022,2023-04-07,Coffee Quality Union,"Wolishalo,Kurume,Dega",Washed / Wet,8.17,8.08,7.92,8.17,7.75,7.92,10,10,10,8.08,86.08,11.3,green,"April 6th, 2024",Japan Coffee Exchange
Taiwan,Asia,東璧咖啡莊園,202203,yes,Dongbi coffee,1300,"Shibi, Gukeng Township, Yunlin County 郵遞區號 , Taiwan (R.O.C.)",陳景立,Blossom Valley International宸嶧國際,2022,2022-10-24,Dongbi,Gesha,Natural / Dry,8,8.17,8,7.92,7.92,7.92,10,10,10,8.17,86.08,10.3,yellow-green,"October 24th, 2023",Blossom Valley International宸嶧國際
Taiwan,Asia,櫻桃果古坑咖啡莊園,202112,yes,宸嶧國際有限公司,1200,"Gukeng Township, Yunlin County",王瀅惠,Blossom Valley International宸嶧國際,2021 / 2022,2022-10-24,王瀅惠,Gesha,Natural / Dry,8.08,8.17,7.75,7.92,7.83,8,10,10,10,8.17,85.92,11,brownish,"October 24th, 2023",Blossom Valley International宸嶧國際
"Tanzania, United Republic Of",Africa,BURKA,CN 4127230032/P-9140,GOURMET COFFEE MILL,DORMAN (T) LIMITED,1570-1600,Arusha,DORMAN (T) LIMITED,Kenya Coffee Traders Association,2022 / 2023,2023-02-01,Gilbert Maina,Bourbon,Washed / Wet,8.17,8,7.92,7.92,8.17,7.75,10,10,10,7.92,85.83,10,greenish,"February 1st, 2024",Kenya Coffee Traders Association
Guatemala,North America,Finca Vista Hermosa,"The 2022 Pacific Rim Coffee Summit,GT03",El Vergel,Taiwan Coffee Laboratory,1900,"Guatemala, Fraijanes, Santa Rosa",Fredy Orantes,Taiwan Coffee Laboratory 台灣咖啡研究室,2021 / 2022,2022-11-15,Carlos Pascual - 潘仕杰,Gesha,Natural / Dry,8,7.92,8.08,7.92,7.75,8,10,10,10,8.08,85.75,11.6,yellowish,"November 15th, 2023",Taiwan Coffee Laboratory 台灣咖啡研究室
Taiwan,Asia,仲大叔咖啡莊園Uncle Chung.s Coffee Farm,2022/03,仲大叔咖啡莊園Uncle Chung.s Coffee Farm,Taiwan Coffee Laboratory,850,卓溪鄉Zhuoxi Township,游婷淯 YU TING YU,Taiwan Coffee Laboratory 台灣咖啡研究室,2022,2022-12-12,Yu Ting Yu 游婷淯,Typica,Natural / Dry,8.08,8,7.92,7.92,8,7.83,10,10,10,7.92,85.67,10.4,green,"December 12th, 2023",Taiwan Coffee Laboratory 台灣咖啡研究室
Thailand,Asia,Hom Doi,1,Machines to peel outer skin of the cherry coffee and coffee is dried manually,Lyrose,1500-1700,Chiang Mai,Lisu farmers,FABB Academy of Coffee,2021 / 2022,2022-08-16,Christian Charmette,Catimor,Pulped natural / honey,7.67,8,7.83,8,8.08,8,10,10,10,8.08,85.67,9.8,browish-green,"August 16th, 2023",FABB Academy of Coffee
Colombia,South America,El Diamante,CQU2023005,El Diamante,Coffee Quality Union,1350,Quindio,Farm Bedoya Arango,Japan Coffee Exchange,2022,2023-04-07,Coffee Quality Union,Castillo Paraguaycito,NA,8.08,8,7.83,8.17,7.75,7.83,10,10,10,8,85.67,11.3,brownish,"April 6th, 2024",Japan Coffee Exchange
Taiwan,Asia,永舜咖啡莊園,"The 2022 Pacific Rim Coffee Summit, T003",永舜咖啡莊園,Taiwan Coffee Laboratory,1250,Yunlin,蘇甘永,Taiwan Coffee Laboratory 台灣咖啡研究室,2021 / 2022,2022-11-15,Taiwan Coffee Laboratory 台灣咖啡研究室,SL34,Washed / Wet,7.83,8,7.92,8,8,7.92,10,10,10,7.92,85.58,10.6,bluish-green,"November 15th, 2023",Taiwan Coffee Laboratory 台灣咖啡研究室
Brazil,South America,Fazenda Recreio,Arara 1,Dry mill,"WIT wealth, investments & trust",1250,Região Vulcânica,Diogo T. Dias de Macedo,Brazil Specialty Coffee Association,2022,2023-01-06,Andre Clark,NA,Pulped natural / honey,7.83,8.08,7.83,7.92,8,7.83,10,10,10,8,85.5,11.3,green,"January 6th, 2024",Brazil Specialty Coffee Association
Taiwan,Asia,鄒築園ZouZhouYuan,"The 2022 Pacific Rim Coffee Summit,T024",鄒築園ZouZhouYuan,Taiwan Coffee Laboratory,1300,Chiayi,方政倫,Taiwan Coffee Laboratory 台灣咖啡研究室,2021 / 2022,2022-11-15,"Fang, Cheng Lun 方政倫",Gesha,Natural / Dry,7.92,7.92,8,7.92,7.83,7.92,10,10,10,8,85.5,9.1,green,"November 15th, 2023",Taiwan Coffee Laboratory 台灣咖啡研究室
Taiwan,Asia,嵩岳咖啡莊園,"The 2022 Pacific Rim Coffee Summit,T048",嵩岳咖啡莊園,Taiwan Coffee Laboratory,1200,Yunlin,郭志豪,Taiwan Coffee Laboratory 台灣咖啡研究室,2021 / 2022,2022-11-15,"Jhih Hao,GUO 郭志豪",Gesha,Natural / Dry,8.17,8.08,7.92,8,7.58,7.83,10,10,10,7.92,85.5,10.6,green,"November 15th, 2023",Taiwan Coffee Laboratory 台灣咖啡研究室
Taiwan,Asia,他扶芽有機農園,"The 2022 Pacific Rim Coffee Summit,T045",他扶芽有機農園,Taiwan Coffee Laboratory,1060,Chiayi,陳清龍,Taiwan Coffee Laboratory 台灣咖啡研究室,2021 / 2022,2022-11-15,Taiwan Coffee Laboratory 台灣咖啡研究室,Gesha,Natural / Dry,8,8,8,7.92,7.75,7.92,10,10,10,7.92,85.5,10.2,blue-green,"November 15th, 2023",Taiwan Coffee Laboratory 台灣咖啡研究室
United States (Hawaii),North America,Hokukano Ranch,"The 2022 Pacific Rim Coffee Summit,US01",Kona Coffee & Tea,Taiwan Coffee Laboratory,600,Kona,Kona Hills LLC,Taiwan Coffee Laboratory 台灣咖啡研究室,2021 / 2022,2022-11-15,Taiwan Coffee Laboratory 台灣咖啡研究室,Typica,Washed / Wet,8,7.92,8,7.83,7.67,8,10,10,10,8,85.42,9.3,green,"November 15th, 2023",Taiwan Coffee Laboratory 台灣咖啡研究室
Taiwan,Asia,鄉庭有機農場Siang-Ting Organic Farm,2022/3/1(老叢),鄉庭有機農場Siang-Ting Organic Farm,Taiwan Coffee Laboratory,150-250,壽豐鄉Shoufeng Township,張進義Zhang Jin-Yi,Taiwan Coffee Laboratory 台灣咖啡研究室,2022,2022-12-12,Zhang Jin Yi 張進義,Typica,Washed / Wet,8,8,7.83,7.83,7.75,7.92,10,10,10,8.08,85.42,11.4,bluish-green,"December 12th, 2023",Taiwan Coffee Laboratory 台灣咖啡研究室
Taiwan,Asia,鄉庭有機農場Siang-Ting Organic Farm,2022/02,鄉庭有機農場Siang-Ting Organic Farm,Taiwan Coffee Laboratory,150-250,壽豐鄉Shoufeng Township,張進義Zhang Jin-Yi,Taiwan Coffee Laboratory 台灣咖啡研究室,2022,2022-12-12,Zhang Jin Yi 張進義,Typica,Washed / Wet,7.92,8,7.83,7.92,7.83,7.83,10,10,10,8,85.33,10.8,green,"December 12th, 2023",Taiwan Coffee Laboratory 台灣咖啡研究室
Taiwan,Asia,金讚咖啡農莊園(Jinzan Coffee Estate),2022臺南市精品咖啡評鑑批次,金讚咖啡農莊園(Jinzan Coffee Estate),Taiwan Coffee Laboratory,668,"Dongshan Dist., Tainan City","葉明讚 (YE,MING-ZAN)",Taiwan Coffee Laboratory 台灣咖啡研究室,2022,2022-06-08,Taiwan Coffee Laboratory 台灣咖啡研究室,Gesha,Washed / Wet,8.08,8.17,7.67,7.83,7.67,7.92,10,10,10,8,85.33,11.3,green,"June 8th, 2023",Taiwan Coffee Laboratory 台灣咖啡研究室
Ethiopia,Africa,Eshetu farm,Washed Limmu,Lata Agri export,Alo Coffee,1950,Oromia,Eshetu,METAD Agricultural Development plc,2021 / 2022,2022-06-06,Tamiru Tadesse Tesema,Ethiopian Heirlooms,Washed / Wet,7.67,7.83,7.83,8,8,8,10,10,10,8,85.33,9.9,green,"June 6th, 2023",METAD Agricultural Development plc
Ethiopia,Africa,Uraga Bisrat washing station,0065,dry mill,TADESSE DESTA IMPORT & EXPORT,2150 - 2350,Southern Ethiopia Guji,Bisrat Melaku,METAD Agricultural Development plc,2021 / 2022,2022-09-30,Tadessa Desta Amene,Ethiopian Heirlooms,Natural / Dry,8,8.08,8,8,7.67,7.75,10,10,10,7.83,85.33,12.3,yellow green,"September 30th, 2023",METAD Agricultural Development plc
Ethiopia,Africa,YHAENU PLC FARM,1,GUJI COFFEE EXPORT P.L.C,yhaenu plc,1700,OROMIA,YHAENU PLC,METAD Agricultural Development plc,2021 / 2022,2022-12-12,YHAENU PLC,Ethiopian Heirlooms,Washed / Wet,7.92,7.75,7.83,8.17,8,7.75,10,10,10,7.83,85.25,9.4,greenish,"December 12th, 2023",METAD Agricultural Development plc
Taiwan,Asia,卓武山咖啡農場,"The 2022 Pacific Rim Coffee Summit, T004",卓武山咖啡農場,Taiwan Coffee Laboratory,1200,Chiayi,許定燁,Taiwan Coffee Laboratory 台灣咖啡研究室,2021 / 2022,2022-11-15,Hsu Ting Yey許定燁,Gesha,Washed / Wet,8,7.92,7.83,7.92,7.83,7.83,10,10,10,7.92,85.25,9.5,bluish-green,"November 15th, 2023",Taiwan Coffee Laboratory 台灣咖啡研究室
Taiwan,Asia,御香咖啡園 YU SIANG Coffee Estate,2022臺南市精品咖啡評鑑批次,御香咖啡園 YU SIANG Coffee Estate,Taiwan Coffee Laboratory,650,"Dongshan Dist., Tainan City","陳建源(CHEN, JIAN-YUAN)",Taiwan Coffee Laboratory 台灣咖啡研究室,2022,2022-06-08,Taiwan Coffee Laboratory 台灣咖啡研究室,Gesha,Pulped natural / honey,8.25,8.08,7.83,7.75,7.67,7.75,10,10,10,7.92,85.25,11.3,green,"June 8th, 2023",Taiwan Coffee Laboratory 台灣咖啡研究室
Kenya,Africa,Small Holder,5516,NKG,IBERO (K) LTD,1600-1900,Central,Small Holder,Kenya Coffee Traders Association,2022 / 2023,2023-02-28,Judith Murimi,SL28,Washed / Wet,8.17,7.75,7.83,7.58,7.92,8,10,10,10,8,85.25,9.2,greenish,"February 28th, 2024",Kenya Coffee Traders Association
Taiwan,Asia,皇庭咖啡莊園,202203,yes,宸嶧國際有限公司,850,"Caoling , Gukeng Township, Yunlin County",陳榮豐,Blossom Valley International宸嶧國際,2017 / 2018,2022-10-24,CHEN RONG FENG,Gesha,Washed / Wet,7.75,7.92,7.75,8,7.83,7.92,10,10,10,8,85.17,10.3,bluish-green,"October 24th, 2023",Blossom Valley International宸嶧國際
Taiwan,Asia,花蓮縣秀林鄉特用作物（咖啡）產銷第一班Agriculture Production and Marketing Groups of Hualien Shlin township special crop (coffee) 1st class,2022/01,花蓮縣秀林鄉特用作物（咖啡）產銷第一班Agriculture Production and Marketing Groups of Hualien Shlin township special crop (coffee) 1st class,Taiwan Coffee Laboratory,300-500,秀林鄉Show Linxia Township,李志祥 Li Zhi-xia,Taiwan Coffee Laboratory 台灣咖啡研究室,2022,2022-12-12,Taiwan Coffee Laboratory 台灣咖啡研究室,Typica,Natural / Dry,8,7.92,7.83,7.92,7.75,7.75,10,10,10,7.92,85.08,10,brownish,"December 12th, 2023",Taiwan Coffee Laboratory 台灣咖啡研究室
Taiwan,Asia,八一高地,屏東縣三地門鄉德文段,乾燥機、脫殼機,茂泰生技股份有限公司,1000,台灣屏東,陳科翰,Taiwan Coffee Laboratory 台灣咖啡研究室,2021 / 2022,2022-12-30,Ethan Lee 李宗儒,Typica,Washed / Wet,8,8.08,7.67,7.75,7.92,7.83,10,10,10,7.83,85.08,10.5,greenish,"December 30th, 2023",Taiwan Coffee Laboratory 台灣咖啡研究室
Taiwan,Asia,香夾蘭莊園,A26-Northern Taiwan Specialty Coffee Evaluation,香夾蘭莊園,Taiwu Coffee Cooperative,800,苗栗縣,黃簡秋蘭,Taiwan Coffee Laboratory 台灣咖啡研究室,2021 / 2022,2023-01-06,Taiwu,Gesha,Washed / Wet,8,7.92,7.67,8,7.75,7.83,10,10,10,7.92,85.08,10,pale yellow,"January 6th, 2024",Taiwan Coffee Laboratory 台灣咖啡研究室
Uganda,Africa,Gideon Kule,7938,Dry Mill,Kyagalanyi Coffee Limited,1905,Rwenzori,Kyagalanyi coffee limited,Uganda Coffee Development Authority,2021 / 2022,2022-06-29,KYAGALANYI COFFEE LIMITED,SL14,Washed / Wet,8,7.92,7.75,7.75,7.75,7.92,10,10,10,7.92,85,11,green,"June 29th, 2023",Uganda Coffee Development Authority
Taiwan,Asia,愛姬咖啡莊園iGfarm,2021/01,愛姬咖啡莊園iGfarm,Taiwan Coffee Laboratory,150,壽豐鄉Shoufeng Township,劉孟宗 LIU MENG TSUNG,Taiwan Coffee Laboratory 台灣咖啡研究室,2021 / 2022,2022-12-12,Liu Meng Tsung劉孟宗,Typica,NA,7.92,8,7.92,8,7.58,7.75,10,10,10,7.83,85,10.9,green,"December 12th, 2023",Taiwan Coffee Laboratory 台灣咖啡研究室
Taiwan,Asia,青山坪咖啡農場,"The 2022 Pacific Rim Coffee Summit,T011",青山坪咖啡農場,Taiwan Coffee Laboratory,800,Yunlin,王清連,Taiwan Coffee Laboratory 台灣咖啡研究室,2021 / 2022,2022-11-15,Taiwan Coffee Laboratory 台灣咖啡研究室,Gesha,Natural / Dry,8.17,8.08,7.83,7.67,7.67,7.75,10,10,10,7.83,85,10.1,yellow green,"November 15th, 2023",Taiwan Coffee Laboratory 台灣咖啡研究室
Guatemala,North America,varias fincas,11/15/118,Beneficio Pastores,"Peter Schoenfeld, S.A.",1600,Antigua,Varios productores,Asociacion Nacional Del Café,2022 / 2023,2023-04-17,Yesica Alejandra Martìnez Vàsquez,Caturra,Washed / Wet,7.67,8.08,7.67,8,7.92,7.83,10,10,10,7.83,85,9.9,green,"April 16th, 2024",Asociacion Nacional Del Café
Guatemala,North America,PEÑA BLANCA,11/951/279,BENEFICIO LAS AMERICAS,"OLAM AGRO GUATEMALA, S.A.",4700,Santa Rosa,PABLO CHUY,Asociacion Nacional Del Café,2022 / 2023,2023-02-23,Yesica Alejandra Martìnez Vàsquez,Catuai,Washed / Wet,7.67,8,7.75,7.92,8,7.83,10,10,10,7.83,85,11.3,green,"February 23rd, 2024",Asociacion Nacional Del Café
Guatemala,North America,san francisco cotzal,11/441/50,"inmobiliaria e inversiones dos mil, s.a.","inmobiliaria e inversiones dos mil, s.a.",1600,quiche,san francisco cotzal,Asociacion Nacional Del Café,2021 / 2022,2022-06-22,Angelica Paola Citan Lopez,Caturra,Washed / Wet,7.83,7.92,7.75,8,7.75,7.75,10,10,10,7.92,84.92,11.7,green,"June 22nd, 2023",Asociacion Nacional Del Café
Taiwan,Asia,六曲窩,A03-Northern Taiwan Specialty Coffee Evaluation,六曲窩,Taiwu Coffee Cooperative,350-400,新竹縣,黃俊淦,Taiwan Coffee Laboratory 台灣咖啡研究室,2021 / 2022,2023-01-06,Taiwu,Typica,Washed / Wet,7.92,7.92,7.83,7.83,7.75,7.83,10,10,10,7.83,84.92,9.5,green,"January 6th, 2024",Taiwan Coffee Laboratory 台灣咖啡研究室
Taiwan,Asia,北平山林,A23-Northern Taiwan Specialty Coffee Evaluation,北平山林,Taiwu Coffee Cooperative,230,新竹縣,戴禎男,Taiwan Coffee Laboratory 台灣咖啡研究室,2021 / 2022,2023-01-06,Taiwu,Yellow Bourbon,Natural / Dry,8,8,7.75,7.75,7.67,7.75,10,10,10,7.92,84.83,9.7,brownish,"January 6th, 2024",Taiwan Coffee Laboratory 台灣咖啡研究室
Indonesia,Asia,PT Indo CafCo North Sumatera,016/1513/262,PT Indo CafCo,InterAmerican Coffee,1200,Aceh Tengah,PT Indo CafCo North Sumatera,NKG Quality Service (a division of Bernhard Rothfos Intercafé AG),2022,2022-09-23,Charles Umeano,Catimor,NA,7.83,7.92,7.75,7.83,7.83,7.83,10,10,10,7.83,84.83,11.9,bluish-green,"September 23rd, 2023",NKG Quality Service (a division of Bernhard Rothfos Intercafé AG)
Peru,South America,Ruya Yayu Farm,"The 2022 Pacific Rim Coffee Summit,PE02",no.,Taiwan Coffee Laboratory,1750,Villa Rica,Ruya Yayu,Taiwan Coffee Laboratory 台灣咖啡研究室,2022,2022-11-15,Taiwan Coffee Laboratory 台灣咖啡研究室,Gesha,Washed / Wet,8,8,7.83,7.83,7.58,7.83,10,10,10,7.75,84.83,10.7,greenish,"November 15th, 2023",Taiwan Coffee Laboratory 台灣咖啡研究室
"Tanzania, United Republic Of",Africa,IYENGA,S59588/P03989,CITY COFFEE LTD,VOLCAFE/TaylorWinch Tanzania Ltd,1654,Mbeya,IYENGA AMCOS,Kenya Coffee Traders Association,2022 / 2023,2022-11-09,Balam Hinyula,Bourbon,Washed / Wet,7.92,7.75,7.75,7.92,7.83,7.83,10,10,10,7.83,84.83,11.2,greenish,"November 9th, 2023",Kenya Coffee Traders Association
Taiwan,Asia,優遊吧斯瑪翡咖啡莊園,"The 2022 Pacific Rim Coffee Summit,T029",優遊吧斯瑪翡咖啡莊園,Taiwan Coffee Laboratory,1300,Chiayi,鄭虞坪,Taiwan Coffee Laboratory 台灣咖啡研究室,2021 / 2022,2022-11-15,Taiwan Coffee Laboratory 台灣咖啡研究室,SL34,Natural / Dry,7.83,7.83,7.67,7.67,7.83,8,10,10,10,8,84.83,9.5,greenish,"November 15th, 2023",Taiwan Coffee Laboratory 台灣咖啡研究室
Taiwan,Asia,森悅高峰咖啡莊園,"The 2022 Pacific Rim Coffee Summit,T039",森悅高峰咖啡莊園,Taiwan Coffee Laboratory,1400,Nantou,吳振宏,Taiwan Coffee Laboratory 台灣咖啡研究室,2021 / 2022,2022-11-15,Taiwan Coffee Laboratory 台灣咖啡研究室,SL34,Washed / Wet,7.67,7.92,7.92,7.83,7.75,7.83,10,10,10,7.83,84.75,10.4,green,"November 15th, 2023",Taiwan Coffee Laboratory 台灣咖啡研究室
Brazil,South America,Fazenda Guariroba,FBT111,Wet-Hulling,Mirai Seeds Corp.,1100,Campo das Vertentes,Homero Paiva,Japan Coffee Exchange,2022,2023-02-13,Marcelo Itoh,Yellow Bourbon,Double Carbonic Maceration / Natural,7.83,7.92,7.75,7.92,7.67,7.83,10,10,10,7.83,84.75,11.2,green,"February 13th, 2024",Japan Coffee Exchange
Panama,North America,La Santa,2-237-05,La Santa,Panamerican Coffee Trading,1200,Boquete,La Santa,Specialty Coffee Association of Costa Rica,2022 / 2023,2023-04-26,Rodrigo Soto,Catuai,Washed / Wet,7.83,7.83,7.75,7.92,7.83,7.75,10,10,10,7.83,84.75,10.3,bluish-green,"April 25th, 2024",Specialty Coffee Association of Costa Rica
Taiwan,Asia,嵐雲綠海咖啡,屏東縣瑪家鄉,乾燥機、脫殼機,茂泰生技股份有限公司,1200,台灣屏東,卓榮華,Taiwan Coffee Laboratory 台灣咖啡研究室,2021 / 2022,2022-12-30,Ethan Lee 李宗儒,Yellow Bourbon,Pulped natural / honey,7.92,8.08,7.67,7.92,7.67,7.75,10,10,10,7.75,84.75,10,blue-green,"December 30th, 2023",Taiwan Coffee Laboratory 台灣咖啡研究室
Guatemala,North America,Varias Fincas,11/15/117,Varios Beneficios,"Peter Schoenfeld, S.A.",1600,Huehuetenango,Varios Productores,Asociacion Nacional Del Café,2022 / 2023,2023-04-28,Yesica Alejandra Martìnez Vàsquez,Caturra,Washed / Wet,7.67,8,7.67,7.83,7.92,7.67,10,10,10,7.92,84.67,10.6,green,"April 27th, 2024",Asociacion Nacional Del Café
Guatemala,North America,SAN RAFAEL URIAS VALDES,11/54876/03,ECO COFFEE,"VALBROS, S. A.",4895,ANTIGUA GUATEMALA,"VALBROS, S. A.",Asociacion Nacional Del Café,2021 / 2022,2022-05-19,Angelica Paola Citan Lopez,Bourbon,Natural / Dry,7.83,8,7.67,7.83,7.75,7.75,10,10,10,7.83,84.67,10.9,yellow-green,"May 19th, 2023",Asociacion Nacional Del Café
Costa Rica,North America,Gamboa Farm,12075,Beneficio Montañas del Diamante,CECA S.A.,1850,Tarrazu,Martin Gutierrez,Specialty Coffee Association of Costa Rica,2022 / 2023,2023-04-19,Joselyn Morales Quesada,Caturra,Washed / Wet,7.58,7.83,7.5,7.67,7.83,7.67,10,10,10,8.58,84.67,10,green,"April 18th, 2024",Specialty Coffee Association of Costa Rica
Taiwan,Asia,羅馬8號莊園,A11-Northern Taiwan Specialty Coffee Evaluation,羅馬8號莊園,Taiwu Coffee Cooperative,200-300,新竹縣,羅政宏,Taiwan Coffee Laboratory 台灣咖啡研究室,2021 / 2022,2023-01-06,Taiwu,Typica,Pulped natural / honey,7.83,7.83,7.75,7.75,7.75,7.75,10,10,10,7.92,84.58,9.6,greenish,"January 6th, 2024",Taiwan Coffee Laboratory 台灣咖啡研究室
Taiwan,Asia,大鋤花間(Dachu Coffee Estate),2022臺南市精品咖啡評鑑批次,大鋤花間(Dachu Coffee Estate),Taiwan Coffee Laboratory,700,"( Dongshan Dist., Tainan City)","郭雅聰（KUO,YA-TSUNG）",Taiwan Coffee Laboratory 台灣咖啡研究室,2022,2022-06-08,"KUO, YA-TSUNG",Gesha,Pulped natural / honey,8.17,7.83,7.67,7.83,7.67,7.67,10,10,10,7.75,84.58,11.5,green,"June 8th, 2023",Taiwan Coffee Laboratory 台灣咖啡研究室
Nicaragua,North America,Finca Las Dos Marias,10 1.1,"Compare Coperativo Condega, Esteli, Nicaragua",NicaNoLA Coffee,1350,ESTELI,NicaNoLA Coffee,Specialty Coffee Association,2021 / 2022,2022-06-09,rene j alcebo,Catrenic,Natural / Dry,7.92,7.75,7.67,7.67,7.83,7.75,10,10,10,8,84.58,9.9,green,"June 9th, 2023",Specialty Coffee Association
Taiwan,Asia,雅慕伊咖啡莊園,"The 2022 Pacific Rim Coffee Summit,T036",雅慕伊咖啡莊園,Taiwan Coffee Laboratory,1250,Chiayi,浦瀚文,Taiwan Coffee Laboratory 台灣咖啡研究室,2021 / 2022,2022-11-15,Pu Han Wen,Gesha,Washed / Wet,8.08,7.83,7.67,7.67,7.67,7.75,10,10,10,7.92,84.58,11.2,green,"November 15th, 2023",Taiwan Coffee Laboratory 台灣咖啡研究室
Taiwan,Asia,名陽園,"The 2022 Pacific Rim Coffee Summit,T042",名陽園,Taiwan Coffee Laboratory,1450,Chiayi,王政淵,Taiwan Coffee Laboratory 台灣咖啡研究室,2021 / 2022,2022-11-15,Taiwan Coffee Laboratory 台灣咖啡研究室,SL34,Natural / Dry,7.83,8,7.67,7.75,7.67,7.75,10,10,10,7.92,84.58,10.3,green,"November 15th, 2023",Taiwan Coffee Laboratory 台灣咖啡研究室
Vietnam,Asia,CupnCare,"The 2022 Pacific Rim Coffee Summit,VN02",CupnCare,Taiwan Coffee Laboratory,650,Quang Tri,TONG PHUC LAM TRADING SERVICES COMPANY LIMITED,Taiwan Coffee Laboratory 台灣咖啡研究室,2021 / 2022,2022-11-15,Taiwan Coffee Laboratory 台灣咖啡研究室,Catimor,Natural / Dry,8,7.83,7.75,7.67,7.58,7.83,10,10,10,7.92,84.58,11.6,brownish,"November 15th, 2023",Taiwan Coffee Laboratory 台灣咖啡研究室
Costa Rica,North America,La Cumbre,CQU2022018,La Montana Tarrazu MIll,Coffee Quality Union,1900,"Los Santos,Tarrazu",Santa Maria de Dota,Japan Coffee Exchange,2022,2022-10-04,Coffee Quality Union,Gesha,Washed / Wet,7.75,7.83,7.67,7.83,7.75,7.75,10,10,10,7.92,84.5,11.7,green,"October 4th, 2023",Japan Coffee Exchange
Taiwan,Asia,苗55咖啡莊園,A37-Northern Taiwan Specialty Coffee Evaluation,苗55咖啡莊園,Taiwu Coffee Cooperative,520,苗栗縣,李鴻儀,Taiwan Coffee Laboratory 台灣咖啡研究室,2021 / 2022,2023-01-06,Taiwu,unknown,Pulped natural / honey,7.75,7.92,7.83,7.75,7.75,7.75,10,10,10,7.75,84.5,11.3,bluish-green,"January 6th, 2024",Taiwan Coffee Laboratory 台灣咖啡研究室
Honduras,North America,La Cuchilla,36,Global Coffee,Mercon Honduras,1368,"Centro, Lagunetillas-Ajuterique, Comayagua",Jose Nahum Maldonado,Instituto Hondureño del Café,2022 / 2023,2023-04-25,Comercial Internacional de Granos de Honduras SA de CV,Catuai,Washed / Wet,7.83,7.92,7.75,7.75,7.75,7.75,10,10,10,7.75,84.5,9.8,green,"April 24th, 2024",Instituto Hondureño del Café
Ethiopia,Africa,TRACON TRADING PLC,0712,5.2Ha,Tracon Trading PLC,1943,Ethiopia,TRACON TRADING PLC,Blossom Valley International宸嶧國際,2021 / 2022,2022-08-23,李晓斐 LI XIAO FEI,Ethiopian Heirlooms,Washed / Wet,7.92,7.83,7.75,7.92,7.58,7.67,10,10,10,7.83,84.5,10.9,green,"August 23rd, 2023",Blossom Valley International宸嶧國際
Taiwan,Asia,917農場 (917 Farm),2021/11,917農場 (917 Farm),Taiwan Coffee Laboratory,400,玉里鎮Yuli Township,黃怡瑄 Huang Yi-xuan,Taiwan Coffee Laboratory 台灣咖啡研究室,2021 / 2022,2022-12-12,黃怡瑄,Typica,Natural / Dry,8.08,7.92,7.75,7.83,7.5,7.58,10,10,10,7.83,84.5,10.2,green,"December 12th, 2023",Taiwan Coffee Laboratory 台灣咖啡研究室
Taiwan,Asia,皇庭咖啡莊園,"The 2022 Pacific Rim Coffee Summit,T031",皇庭咖啡莊園,Taiwan Coffee Laboratory,850,Yunlin,陳榮豐,Taiwan Coffee Laboratory 台灣咖啡研究室,2021 / 2022,2022-11-15,Taiwan Coffee Laboratory 台灣咖啡研究室,Gesha,Washed / Wet,7.83,8,7.5,7.75,7.75,7.75,10,10,10,7.83,84.42,10.1,bluish-green,"November 15th, 2023",Taiwan Coffee Laboratory 台灣咖啡研究室
Guatemala,North America,Finca Alta Luz,11-63-657,NA,"Retrillas del pacifico, s.a.",1300-1400,Huehuetenango,Maria de los Angeles Perez,Asociacion Nacional Del Café,2022 / 2023,2023-04-26,Yesica Alejandra Martìnez Vàsquez,Bourbon,Washed / Wet,7.67,7.83,7.75,7.75,7.83,7.75,10,10,10,7.75,84.33,9.2,green,"April 25th, 2024",Asociacion Nacional Del Café
United States (Hawaii),North America,Miranda's Farm,Islander’s Coffee for Pacific Rim Summit,Greenwell,Taiwan Coffee Laboratory,1300,Ka'u district of Big Island,Jose & Berta Miranda,Taiwan Coffee Laboratory 台灣咖啡研究室,2022,2022-11-09,Taiwan Coffee Laboratory 台灣咖啡研究室,Catuai,Washed / Wet,7.92,7.83,7.75,7.92,7.5,7.67,10,10,10,7.75,84.33,10.1,yellow-green,"November 9th, 2023",Taiwan Coffee Laboratory 台灣咖啡研究室
Ethiopia,Africa,Bisrat Melaku Washing Station,0065,Washing Station,Tadesse Desta import export,2361,Addis Ababa,Bisrat Melaku,METAD Agricultural Development plc,2021 / 2022,2022-09-19,Tadesse Desta,Ethiopian Heirlooms,Natural / Dry,7.83,7.75,7.58,7.92,8,7.5,10,10,10,7.75,84.33,11,yellow green,"September 19th, 2023",METAD Agricultural Development plc
El Salvador,North America,San Nicolas,"The 2022 Pacific Rim Coffee Summit,SV01",San Nicolas,Taiwan Coffee Laboratory,1500,Chalatenango,various producers,Taiwan Coffee Laboratory 台灣咖啡研究室,2021,2022-11-15,Taiwan Coffee Laboratory 台灣咖啡研究室,Pacamara,Pulped natural / honey,7.83,7.83,7.83,7.83,7.67,7.67,10,10,10,7.67,84.33,10.3,brownish,"November 15th, 2023",Taiwan Coffee Laboratory 台灣咖啡研究室
Colombia,South America,Asociacion Tayronaca,NPCO-17418,Trilladora Santa Tirsa,Sucafina NA,2100,Sierra Nevada de Santa Marta,Grupo Tap,ASOCIACIÓN COLOMBIANA PARA LA EXCELENCIA DEL CAFE,2021 / 2022,2022-05-11,Sucafina Colombia SAS,Castillo and Colombia blend,Washed / Wet,7.75,7.75,7.75,7.75,7.83,7.67,10,10,10,7.83,84.33,11.6,green,"May 11th, 2023",ASOCIACIÓN COLOMBIANA PARA LA EXCELENCIA DEL CAFE
Indonesia,Asia,"Lintong Nihuta/Dolok Sanggul,Sumatera Utara",CQU2022018,"Lintong Nihuta/Dolok Sanggul,Sumatera Utara",Coffee Quality Union,1250-1350,"Lintong Nihuta/Dolok Sanggul,Sumatera Utara","Lintong Nihuta/Dolok Sanggul,Sumatera Utara",Japan Coffee Exchange,2022,2022-09-21,Coffee Quality Union,"Jember,TIM-TIM,Ateng",Wet Hulling,7.67,7.67,7.83,7.83,7.67,7.75,10,10,10,7.83,84.25,11.5,blue-green,"September 21st, 2023",Japan Coffee Exchange
Guatemala,North America,San jose del lago,11/15/96,San jose del lago,"Peter Schoenfeld, S.A.",1600,Atitlán,"Cafetalera Paquim, S.A.",Asociacion Nacional Del Café,2022 / 2023,2023-04-17,Yesica Alejandra Martìnez Vàsquez,Typica,Washed / Wet,7.58,7.92,7.67,7.75,7.83,7.75,10,10,10,7.75,84.25,10,green,"April 16th, 2024",Asociacion Nacional Del Café
Madagascar,Africa,Mandroso,1,On the farm (mechanical huller and polisher / sorting by hand),Vao Vao Sarl,1500,Itasy,Marc Dumont,NKG Quality Service (a division of Bernhard Rothfos Intercafé AG),2022,2022-12-12,Marc Dumont,Bourbon,Washed / Wet,7.92,7.92,7.58,7.75,7.58,7.67,10,10,10,7.83,84.25,12.1,blue-green,"December 12th, 2023",NKG Quality Service (a division of Bernhard Rothfos Intercafé AG)
Honduras,North America,La Cuchilla,8,Global Coffee,Mercon Honduras,1368,"Centro, Lagunetillas-Ajuterique, Comayagua",Jose Nahum Maldonado,Instituto Hondureño del Café,2022 / 2023,2023-04-25,Comercial Internacional de Granos de Honduras SA de CV,Catuai,Washed / Wet,7.75,7.75,7.58,7.83,7.75,7.75,10,10,10,7.75,84.17,10.2,green,"April 24th, 2024",Instituto Hondureño del Café
Guatemala,North America,san francisco cotzal,11/441/49,"inmobiliaria e inversiones dos mil, s.a.","inmobiliaria e inversiones dos mil, s.a.",1600,quiche,san francisco cotzal,Asociacion Nacional Del Café,2021 / 2022,2022-05-19,Angelica Paola Citan Lopez,Caturra,Washed / Wet,7.58,7.92,7.58,7.83,7.75,7.67,10,10,10,7.75,84.08,11,green,"May 19th, 2023",Asociacion Nacional Del Café
Taiwan,Asia,竹崙子莊園,A32-Northern Taiwan Specialty Coffee Evaluation,竹崙子莊園,Taiwu Coffee Cooperative,150,新北市,邱建明,Taiwan Coffee Laboratory 台灣咖啡研究室,2021 / 2022,2023-01-06,Taiwu,unknown,Pulped natural / honey,7.83,7.92,7.83,7.58,7.58,7.67,10,10,10,7.67,84.08,10.8,greenish,"January 6th, 2024",Taiwan Coffee Laboratory 台灣咖啡研究室
Taiwan,Asia,元富咖啡莊園,"The 2022 Pacific Rim Coffee Summit,T017",元富咖啡莊園,Taiwan Coffee Laboratory,800,Yunlin,李泓錡,Taiwan Coffee Laboratory 台灣咖啡研究室,2021 / 2022,2022-11-15,Taiwan Coffee Laboratory 台灣咖啡研究室,Gesha,Natural / Dry,7.92,7.75,7.67,7.75,7.75,8,9.33,10,10,7.92,84.08,10.6,yello-green,"November 15th, 2023",Taiwan Coffee Laboratory 台灣咖啡研究室
Guatemala,North America,varias fincas,11/15/51,El Trèbol/Lìnea Gourmet,"Peter Schoenfeld, S.A.",1500-1600,Oriente Santa rosa,varios productores,Asociacion Nacional Del Café,2022 / 2023,2023-03-22,Yesica Alejandra Martìnez Vàsquez,Caturra,Washed / Wet,7.67,7.83,7.67,7.83,7.75,7.67,10,10,10,7.67,84.08,11,green,"March 21st, 2024",Asociacion Nacional Del Café
Guatemala,North America,varias fincas,11/15/59,El Trebol/Linea Gourmet,"Peter Schoenfeld, S.A.",1500-1600,Sierra de las minas,varios productores,Asociacion Nacional Del Café,2022 / 2023,2023-03-22,Yesica Alejandra Martìnez Vàsquez,Caturra,Washed / Wet,7.67,7.92,7.67,7.75,7.67,7.58,10,10,10,7.75,84,11,green,"March 21st, 2024",Asociacion Nacional Del Café
Honduras,North America,finca de la casa,"The 2022 Pacific Rim Coffee Summit,HN04",De la casa,Taiwan Coffee Laboratory,1800,"San Andrés, Lempira",Irma Consuelo Bonilla Hernandez,Taiwan Coffee Laboratory 台灣咖啡研究室,2021 / 2022,2022-11-15,"Kao,SIng-jay",Typica,Pulped natural / honey,7.75,7.75,7.75,7.67,7.75,7.67,10,10,10,7.67,84,9.4,green,"November 15th, 2023",Taiwan Coffee Laboratory 台灣咖啡研究室
"Tanzania, United Republic Of",Africa,KONGONI ESTATE,CN 4127230031/P-9139,RAFIKI MILL,C.DORMAN SEZ LTD,1600-1750,ARUSHA,DORMAN (T) LTD,Kenya Coffee Traders Association,2022 / 2023,2023-01-03,Gilbert Maina,Bourbon,Washed / Wet,7.58,7.67,7.75,7.75,7.75,7.75,10,10,10,7.75,84,9.8,greenish,"January 3rd, 2024",Kenya Coffee Traders Association
Ethiopia,Africa,Ecom Agroindustrial,1077,Beneficio humedo,Descafeinadores Mexicano SA. de CV,1800,Sidama,Ecom Agroindustrial,Centro Agroecológico del Café A.C.,2021 / 2022,2022-11-18,Descafeinadores Mexicanos S.A de C.V,Ethiopian Heirlooms,Washed / Wet,8,7.75,7.5,7.67,7.67,7.67,10,10,10,7.75,84,11.3,green,"November 18th, 2023",Centro Agroecológico del Café A.C.
"Tanzania, United Republic Of",Africa,MASHIMA AMCOS,CN 4127220159/4189220459,GOURMET COFFEE MILL,DORMAN (T) LTD,1400-1700,KILIMANJARO,DORMAN,Kenya Coffee Traders Association,2022 / 2023,2022-11-21,Gilbert Maina,Bourbon,Washed / Wet,7.75,7.58,7.58,7.92,7.67,7.75,10,10,10,7.75,84,11.6,greenish,"November 21st, 2023",Kenya Coffee Traders Association
Colombia,South America,COO,3-002-00883,Laumayer Armenia,InterAmerican Coffee,1400-1700,Huila,Cooperativa Central de Caficultores del Huila,NKG Quality Service (a division of Bernhard Rothfos Intercafé AG),2022,2022-07-27,Charles Umeano,Caturra,Washed / Wet,7.67,7.83,7.58,7.92,7.67,7.67,10,10,10,7.67,84,13.3,green,"July 27th, 2023",NKG Quality Service (a division of Bernhard Rothfos Intercafé AG)
Costa Rica,North America,Gamboa Farm,12077-01,Beneficio Montañas del Diamante,CECA S.A.,1850,Tarrazu,Martin Gutierrez,Specialty Coffee Association of Costa Rica,2022 / 2023,2023-04-19,Joselyn Morales Quesada,Caturra,Washed / Wet,7.67,7.92,7.58,7.75,7.67,7.58,10,10,10,7.75,83.92,9.5,green,"April 18th, 2024",Specialty Coffee Association of Costa Rica
Guatemala,North America,El Morito,"The 2022 Pacific Rim Coffee Summit,GT01",Sube,Taiwan Coffee Laboratory,1900,New Oriente,Various producers,Taiwan Coffee Laboratory 台灣咖啡研究室,2021,2022-11-15,Taiwan Coffee Laboratory 台灣咖啡研究室,Gesha,Natural / Dry,7.83,7.83,7.58,7.67,7.67,7.58,10,10,10,7.75,83.92,11.9,greenish,"November 15th, 2023",Taiwan Coffee Laboratory 台灣咖啡研究室
Guatemala,North America,San jose del lago,11/15/95,San jose del lago,"Peter Schoenfeld, S.A.",1600,Atitlán,"Cafetalera Paquim, S.A.",Asociacion Nacional Del Café,2022 / 2023,2023-04-17,Yesica Alejandra Martìnez Vàsquez,Bourbon,Washed / Wet,7.58,7.83,7.58,7.75,7.67,7.75,10,10,10,7.75,83.92,10,green,"April 16th, 2024",Asociacion Nacional Del Café
Thailand,Asia,Baan San Charoen,CQU2022016,Baan San Charoen,Coffee Quality Union,1300-1400,Nan,Phaibul Kitcharoen,Japan Coffee Exchange,2022,2022-09-21,Coffee Quality Union,Catimor,Natural / Dry,7.75,7.67,7.58,7.75,7.75,7.67,10,10,10,7.75,83.92,11.6,yellowish,"September 21st, 2023",Japan Coffee Exchange
Colombia,South America,NA,3/37/1370,"Racafé & CIA S.C.A, Km 5 Vía Pereira",Marubeni Corporation,1411,Pereira,RACAFE & CIA SCA,Japan Coffee Exchange,2022 / 2023,2023-04-17,Ikuto Uehara,NA,Washed / Wet,7.67,7.75,7.67,7.75,7.67,7.67,10,10,10,7.67,83.83,11.9,green,"April 16th, 2024",Japan Coffee Exchange
Guatemala,North America,FINCA ALTA LUZ,11/63/908,NA,"RETRILLAS DEL PACIFICO, S. A.",1400,HUEHUETENANGO,MARIA DE LOS ANGELES PEREZ,Asociacion Nacional Del Café,2021 / 2022,2022-05-13,Angelica Paola Citan Lopez,"BOURBON, CATURRA Y CATIMOR",Natural / Dry,7.58,7.83,7.67,7.67,7.67,7.67,10,10,10,7.75,83.83,10.8,green,"May 13th, 2023",Asociacion Nacional Del Café
Guatemala,North America,SAN RAFAEL URIAS VALDES,AMNI-22-0905,"BENEFICIO SANTA RITA, S. A.",Asociación Nacional del Cafe,4895 A 5650,ANTIGUA GUATEMALA,"VALBROS, S. A.",Asociacion Nacional Del Café,2021 / 2022,2022-05-19,Angelica Paola Citan Lopez,Bourbon,Washed / Wet,7.58,7.92,7.5,7.67,7.75,7.67,10,10,10,7.75,83.83,10.9,greenish,"May 19th, 2023",Asociacion Nacional Del Café
Ethiopia,Africa,Gerbicho Lela Cooperative,1,Sidama Coffee Farmers Cooperative Union,Taylor Winch Coffee Ltd,2000,Sidama,Sidama Coffee Farmers Cooperative Union,Kenya Coffee Traders Association,2021 / 2022,2022-09-09,Taylor Winch (Coffee) Ltd.,Ethiopian Heirlooms,Washed / Wet,7.83,7.67,7.5,7.92,7.5,7.67,10,10,10,7.75,83.83,12,green,"September 9th, 2023",Kenya Coffee Traders Association
Colombia,South America,N / A,3-0068-00886,Trilladora Popayán,ECOM COLOMBIA,1700,Cauca,Regional producers,ASOCIACIÓN COLOMBIANA PARA LA EXCELENCIA DEL CAFE,2022 / 2023,2023-02-22,Raúl Vargas,Caturra,Washed / Wet,7.92,7.75,7.42,7.58,7.92,7.67,10,10,10,7.58,83.83,12.1,green,"February 22nd, 2024",ASOCIACIÓN COLOMBIANA PARA LA EXCELENCIA DEL CAFE
United States (Hawaii),North America,various farms,"The 2022 Pacific Rim Coffee Summit,US02",Aloha Hills Kona Coffee,Taiwan Coffee Laboratory,400-600,Ka'u,Isla Custom Coffees,Taiwan Coffee Laboratory 台灣咖啡研究室,2022,2022-11-15,Taiwan Coffee Laboratory 台灣咖啡研究室,Typica,Washed / Wet,7.67,7.92,7.58,7.58,7.58,7.75,10,10,10,7.75,83.83,11.8,green,"November 15th, 2023",Taiwan Coffee Laboratory 台灣咖啡研究室
Colombia,South America,La Gallera,"The 2022 Pacific Rim Coffee Summit,CO02",La Gallera,Taiwan Coffee Laboratory,1800,Tolima,Oscar Javier Paez & Family,Taiwan Coffee Laboratory 台灣咖啡研究室,2022,2022-11-15,PeiHsun Lin,Bourbon Sidra,Pulped natural / honey,7.67,7.92,7.67,7.58,7.67,7.67,10,10,10,7.58,83.75,10.6,greenish,"November 15th, 2023",Taiwan Coffee Laboratory 台灣咖啡研究室
Mexico,North America,Finca Custepec,312,exportadora de cafe california,Exportadora Café California,1200,Chiapas,Armando Pohlenz,Centro Agroecológico del Café A.C.,2022 / 2023,2023-04-05,ANDREAS KUSSMAUL,Sarchimor,Washed / Wet,7.67,7.67,7.58,7.67,7.83,7.58,10,10,10,7.75,83.75,11.7,green,"April 4th, 2024",Centro Agroecológico del Café A.C.
Colombia,South America,NA,NA,NA,Coffee Quality Institute,NA,NA,NA,Barista and Coffee Academy of Asia,2022,2022-09-26,Coffee Quality Institute,NA,NA,7.83,7.75,7.5,7.58,7.67,7.67,10,10,10,7.67,83.67,12.4,greenish,"September 26th, 2023",Barista and Coffee Academy of Asia
Taiwan,Asia,永舜咖啡莊園,202203,yes,Yongshun,1250,"Caoling , Gukeng Township, Yunlin County",蘇甘永,Blossom Valley International宸嶧國際,2022,2022-10-24,Yongshun,SL34,Washed / Wet,7.67,7.67,7.75,7.75,7.5,7.67,10,10,10,7.67,83.67,10,bluish-green,"October 24th, 2023",Blossom Valley International宸嶧國際
Myanmar,Asia,Aromatic,"The 2022 Pacific Rim Coffee Summit,MM01",Aromatic,Taiwan Coffee Laboratory,1400,South Shan State,Lim,Taiwan Coffee Laboratory 台灣咖啡研究室,2022,2022-11-15,PeiHsun Lin,"Catimor,Catuai,Caturra,Bourbon",Natural / Dry,7.83,7.83,7.67,7.58,7.58,7.58,10,10,10,7.58,83.67,10.2,pale yellow,"November 15th, 2023",Taiwan Coffee Laboratory 台灣咖啡研究室
Taiwan,Asia,恆珊農場,A05-Northern Taiwan Specialty Coffee Evaluation,恆珊農場,Taiwu Coffee Cooperative,200-400,新竹縣,羅以珊,Taiwan Coffee Laboratory 台灣咖啡研究室,2021 / 2022,2023-01-06,Taiwu,unknown,Pulped natural / honey,7.58,7.75,7.67,7.83,7.5,7.67,10,10,10,7.67,83.67,9.2,greenish,"January 6th, 2024",Taiwan Coffee Laboratory 台灣咖啡研究室
Honduras,North America,Maria Bonita,"The 2022 Pacific Rim Coffee Summit,HN01","Cafe Organic Marcala, S.A. (COMSA)",Taiwan Coffee Laboratory,1470,"San Jose, La Paz",Pedro Turcios,Taiwan Coffee Laboratory 台灣咖啡研究室,2021,2022-11-15,Taiwan Coffee Laboratory 台灣咖啡研究室,Parainema,Natural / Dry,7.67,7.67,7.58,7.75,7.67,7.67,10,10,10,7.67,83.67,11.1,pale yellow,"November 15th, 2023",Taiwan Coffee Laboratory 台灣咖啡研究室
Taiwan,Asia,正源咖啡,A30-Northern Taiwan Specialty Coffee Evaluation,正源咖啡,Taiwu Coffee Cooperative,250-400,新竹縣,彭文正,Taiwan Coffee Laboratory 台灣咖啡研究室,2021 / 2022,2023-01-06,Taiwu,unknown,Natural / Dry,7.58,7.67,7.5,7.75,7.75,7.67,10,10,10,7.67,83.58,8.4,green,"January 6th, 2024",Taiwan Coffee Laboratory 台灣咖啡研究室
Taiwan,Asia,宋明光	蝙蝠洞莊園	蝙蝠洞莊園,A14-Northern Taiwan Specialty Coffee Evaluation,宋明光	蝙蝠洞莊園	蝙蝠洞莊園,Taiwu Coffee Cooperative,250-300,新竹縣,宋明光,Taiwan Coffee Laboratory 台灣咖啡研究室,2021 / 2022,2023-01-06,Taiwu,Typica,Pulped natural / honey,7.58,7.75,7.58,7.75,7.58,7.67,10,10,10,7.67,83.58,9.1,green,"January 6th, 2024",Taiwan Coffee Laboratory 台灣咖啡研究室
Guatemala,North America,SAN FRANCISCO COTZAL,P-4142,"INMOBILIARIA E INVERSIONES DOS MIL, S. A.",Asociación Nacional del Cafe,1600,QUICHE,SAN FRANCISCO COTZAL,Asociacion Nacional Del Café,2021 / 2022,2022-05-19,Angelica Paola Citan Lopez,Caturra,Washed / Wet,7.58,7.83,7.58,7.67,7.58,7.58,10,10,10,7.75,83.58,10.9,green,"May 19th, 2023",Asociacion Nacional Del Café
Honduras,North America,varias,AMNI-22-6011-1,Beneficio seco,Cafe Organico Marcala S.A de C.V.,1400,Marcala,comsa,Instituto Hondureño del Café,2021 / 2022,2022-08-17,Eliud Hernandez Gonzales,SHG,Washed / Wet,7.75,7.67,7.58,7.58,7.58,7.67,10,10,10,7.67,83.5,11.2,green,"August 17th, 2023",Instituto Hondureño del Café
Colombia,South America,La fortaleza,3-0104-00202 Popayán Supremo,Trilladora Pubenza,Cafe Colsuaves,1700,Popayán Cauca,La fortaleza,ASOCIACIÓN COLOMBIANA PARA LA EXCELENCIA DEL CAFE,2022,2023-01-18,pablo velosa,Caturra,Washed / Wet,7.75,7.75,7.5,7.58,7.83,7.5,10,10,10,7.58,83.5,12.2,bluish-green,"January 18th, 2024",ASOCIACIÓN COLOMBIANA PARA LA EXCELENCIA DEL CAFE
Thailand,Asia,Doi Tung Development Project,BOURBON 21/22 (Coffea Arabica),Dry Mill,Doi Tung Development Project,1200 - 1580,North of Thailand,Doi Tung Development Project,FABB Academy of Coffee,2022,2022-07-14,Doi Tung Development Project,Bourbon,Washed / Wet,7.42,7.83,7.58,7.67,7.67,7.75,10,10,10,7.58,83.5,13.1,green,"July 14th, 2023",FABB Academy of Coffee
Ethiopia,Africa,YHAENU PLC FARM,1,GUJI COFFEE EXPORT P.L.C,yhaenu plc,1700,OROMIA,YHAENU PLC,METAD Agricultural Development plc,2021 / 2022,2022-11-30,YHAENU PLC,Ethiopian Heirlooms,Washed / Wet,7.42,7.42,7.42,8,7.92,7.67,10,10,10,7.67,83.5,10.4,greenish,"November 30th, 2023",METAD Agricultural Development plc
Thailand,Asia,Doi Nan,CQU2022011,Doi Nan,Coffee Quality Union,1450,Suan Ya Lung,Chalerm,Japan Coffee Exchange,2022,2022-06-16,Coffee Quality Union,Java,Washed / Wet,7.67,7.67,7.5,7.67,7.58,7.67,10,10,10,7.67,83.42,11.6,green,"June 16th, 2023",Japan Coffee Exchange
Uganda,Africa,Bugisu Shamba,035/170/5021210,Kawacom,Kawacom uganda LTD,1400 - 1900,Mt Elgon,Kawacom Uganda Ltd,Uganda Coffee Development Authority,2021 / 2022,2022-07-07,Kawacom Uganda LTD,SL14,Washed / Wet,7.75,7.75,7.5,7.5,7.58,7.58,10,10,10,7.75,83.42,10.1,green,"July 7th, 2023",Uganda Coffee Development Authority
Taiwan,Asia,香香久溢咖啡莊園,"The 2022 Pacific Rim Coffee Summit,T022",香香久溢咖啡莊園,Taiwan Coffee Laboratory,1100,Chiayi,吳昭昀,Taiwan Coffee Laboratory 台灣咖啡研究室,2021 / 2022,2022-11-15,Wu Jhao Yun,Typica + SL34,Washed / Wet,7.75,7.92,7.67,7.92,7.75,7.83,8.67,10,10,7.92,83.42,10.1,blue-green,"November 15th, 2023",Taiwan Coffee Laboratory 台灣咖啡研究室
Uganda,Africa,Masereka William,7969,Dry Mill,Kyagalanyi Coffee Limited,1905,Rwenzori,Kyagalanyi coffee limited,Uganda Coffee Development Authority,2021 / 2022,2022-09-01,KYAGALANYI COFFEE LIMITED,SL14,Washed / Wet,7.75,7.67,7.58,7.5,7.67,7.5,10,10,10,7.67,83.33,11.1,green,"September 1st, 2023",Uganda Coffee Development Authority
Taiwan,Asia,四分子道,A04-Northern Taiwan Specialty Coffee Evaluation,四分子道,Taiwu Coffee Cooperative,200-300,新竹縣,林士傑,Taiwan Coffee Laboratory 台灣咖啡研究室,2021 / 2022,2023-01-06,Taiwu,Typica,Pulped natural / honey,7.58,7.67,7.5,7.75,7.5,7.58,10,10,10,7.75,83.33,9.7,greenish,"January 6th, 2024",Taiwan Coffee Laboratory 台灣咖啡研究室
Guatemala,North America,MI CAFECITO & LA PROVIDENCIA,1,MI CAFECITO + AGUA SANTA LA PROVIDENCIA + AGUA SANTA,Mr.Brown Cafe,1280-1325,NEW ORIENTE & HUEHUETENANGO,500 PRODUCERS,Taiwan Coffee Laboratory 台灣咖啡研究室,2021,2022-12-30,MR.BROWN CAFE,"MARSELLESA, CATUAI, CATURRA & MARSELLESA, ANACAFE 14, CATUAI",Washed / Wet,7.5,7.75,7.58,7.75,7.67,7.58,10,10,10,7.5,83.33,11.4,green,"December 30th, 2023",Taiwan Coffee Laboratory 台灣咖啡研究室
Taiwan,Asia,木華莊園,A21-Northern Taiwan Specialty Coffee Evaluation,木華莊園,Taiwu Coffee Cooperative,300,桃園市,簡進財,Taiwan Coffee Laboratory 台灣咖啡研究室,2021 / 2022,2023-01-06,Taiwu,Typica,Washed / Wet,7.58,7.67,7.58,7.75,7.42,7.58,10,10,10,7.75,83.33,9.6,green,"January 6th, 2024",Taiwan Coffee Laboratory 台灣咖啡研究室
Colombia,South America,El Laurel,1,Hulling facility,Minka coffee company LTD,1100,Sierra Nevada de Santa Marta,Eric SELLIN,FABB Academy of Coffee,2021 / 2022,2022-09-30,piradaPKPL,Caturra,Washed / Wet,7.67,7.67,7.42,7.75,7.5,7.75,10,10,10,7.58,83.33,13.5,greenish,"September 30th, 2023",FABB Academy of Coffee
Costa Rica,North America,Gamboa Farm,12074,Beneficio Montañas del Diamante,CECA S.A.,1850,Tarrazu,Martin Gutierrez,Specialty Coffee Association of Costa Rica,2022 / 2023,2023-04-19,Joselyn Morales Quesada,Caturra,Washed / Wet,7.58,7.75,7.42,7.67,7.5,7.75,10,10,10,7.67,83.33,0,green,"April 18th, 2024",Specialty Coffee Association of Costa Rica
Taiwan,Asia,東泓咖啡莊園,"The 2022 Pacific Rim Coffee Summit,T019",東泓咖啡莊園,Taiwan Coffee Laboratory,750,Yunlin,陳善東,Taiwan Coffee Laboratory 台灣咖啡研究室,2021 / 2022,2022-11-15,CHEN SHAN DONG 陳善東,SL34,Washed / Wet,7.75,7.83,7.58,7.58,7.58,7.5,10,10,10,7.5,83.33,10.7,blue-green,"November 15th, 2023",Taiwan Coffee Laboratory 台灣咖啡研究室
Thailand,Asia,Doi Tung Development Project,TYPICA 21/22 (Coffea Arabica),Dry Mill,Doi Tung Development Project,1300-1500,North of Thailand,Doi Tung Development Project,FABB Academy of Coffee,2022,2022-07-14,Doi Tung Development Project,Typica,Washed / Wet,7.92,7.92,7.75,7.33,7.58,7.5,10,10,10,7.33,83.33,12.3,yellow-green,"July 14th, 2023",FABB Academy of Coffee
"Tanzania, United Republic Of",Africa,MASHIMA AMCOS,CN 4127220163/4189220459,GOURMET COFFEE MILL,DORMAN TANZANIA LTD,1400-1700,KILIMANJARO,DORMAN TANZANIA LTD,Kenya Coffee Traders Association,2022 / 2023,2023-01-03,Gilbert Maina,Bourbon,Washed / Wet,7.92,7.67,7.42,7.5,7.67,7.58,10,10,10,7.5,83.25,10.4,greenish,"January 3rd, 2024",Kenya Coffee Traders Association
Brazil,South America,Fazenda Conquista e Capoeirinha,004/22,Dry mill,Ipanema Coffees,950,Sul de Minas,Ipanema Agrícola SA,Brazil Specialty Coffee Association,2022 / 2023,2023-02-13,Ipanema Coffees,Mundo Novo,Natural / Dry,7.58,7.5,7.5,7.83,7.67,7.5,10,10,10,7.67,83.25,11.6,green,"February 13th, 2024",Brazil Specialty Coffee Association
Taiwan,Asia,棒棒有機農場,A41-Northern Taiwan Specialty Coffee Evaluation,棒棒有機農場,Taiwu Coffee Cooperative,1100-1200,苗栗縣,林木青,Taiwan Coffee Laboratory 台灣咖啡研究室,2021 / 2022,2023-01-06,Taiwu,unknown,Washed / Wet,7.75,7.75,7.58,7.67,7.42,7.5,10,10,10,7.58,83.25,9.6,green,"January 6th, 2024",Taiwan Coffee Laboratory 台灣咖啡研究室
Colombia,South America,Buenos Aires,CQU2023003,Buenos Aires,Coffee Quality Union,1390,Quindio,Chucho Bedoya,Japan Coffee Exchange,2022,2023-04-07,Coffee Quality Union,"Red Bourbon,Caturra",Anaerobico 1000h,7.67,7.67,7.58,7.67,7.58,7.58,10,10,10,7.5,83.25,10.9,brownish,"April 6th, 2024",Japan Coffee Exchange
Honduras,North America,La Bendicion,"The 2022 Pacific Rim Coffee Summit,HN03","COMSA (Cafe Organic Marcala, S.A)",Taiwan Coffee Laboratory,1600,"Marcala, La Paz",Joaquin Suazo,Taiwan Coffee Laboratory 台灣咖啡研究室,2021,2022-11-15,Taiwan Coffee Laboratory 台灣咖啡研究室,Lempira,Washed / Wet,7.67,7.75,7.67,7.58,7.5,7.58,10,10,10,7.5,83.25,10.5,bluish-green,"November 15th, 2023",Taiwan Coffee Laboratory 台灣咖啡研究室
Honduras,North America,varias,AMNI-22-6011-2,Beneficio seco,Cafe Organico Marcala S.A de C.V.,1400,Marcala,comsa,Instituto Hondureño del Café,2021 / 2022,2022-08-17,Eliud Hernandez Gonzales,Catuai,Washed / Wet,7.75,7.58,7.58,7.58,7.5,7.58,10,10,10,7.67,83.25,11.3,green,"August 17th, 2023",Instituto Hondureño del Café
Taiwan,Asia,蜜多莊園,A35-Northern Taiwan Specialty Coffee Evaluation,蜜多莊園,Taiwu Coffee Cooperative,200-300,新竹縣,張新榮,Taiwan Coffee Laboratory 台灣咖啡研究室,2021 / 2022,2023-01-06,Taiwu,Typica,Natural / Dry,7.75,7.75,7.5,7.75,7.5,7.42,10,10,10,7.5,83.17,9.7,greenish,"January 6th, 2024",Taiwan Coffee Laboratory 台灣咖啡研究室
Taiwan,Asia,迎曦山丘,A20-Northern Taiwan Specialty Coffee Evaluation,迎曦山丘,Taiwu Coffee Cooperative,340,苗栗縣,翁召安,Taiwan Coffee Laboratory 台灣咖啡研究室,2021 / 2022,2023-01-06,Taiwu,unknown,Washed / Wet,7.67,7.67,7.5,7.58,7.58,7.5,10,10,10,7.67,83.17,11.8,blue-green,"January 6th, 2024",Taiwan Coffee Laboratory 台灣咖啡研究室
Laos,Asia,Nongluang Bolaven Plateau,DCN03.11.2022,Dao Heuang Group,Dao Heuang Group,1200 - 1300,"Nongluang Bolaven Plateau, Champasack, Lao PDR",Dao Heuang Group,Specialty Coffee Association of Indonesia,2022,2022-12-30,Dao Heuang Group,Catimor,Natural / Dry,7.67,7.75,7.33,7.67,7.58,7.5,10,10,10,7.58,83.08,11.8,brownish,"December 30th, 2023",Specialty Coffee Association of Indonesia
Honduras,North America,La Cuchilla,187,CIGRAH,CIGRAH,1368,"Centro, Lagunetillas - Ajuterique, Comayagua",Fausto Nahun Maldonado,Instituto Hondureño del Café,2021 / 2022,2022-05-23,Comercial Internacional de Granos de Honduras SA de CV,Catuai,Washed / Wet,7.67,7.67,7.5,7.58,7.58,7.5,10,10,10,7.58,83.08,10.6,green,"May 23rd, 2023",Instituto Hondureño del Café
Honduras,North America,Bethel,198,CADEXSA,CADEXSA,1450,"Los Planes de Santa Maria, La Paz",Omar Acosta,Instituto Hondureño del Café,2022 / 2023,2023-04-25,CADEXSA,Catuai,Washed / Wet,7.75,7.58,7.58,7.58,7.58,7.5,10,10,10,7.5,83.08,9.6,green,"April 24th, 2024",Instituto Hondureño del Café
Colombia,South America,EL PRADO,3-59-0654,NEIVA,carcafe ltda,1650,HUILA,FRANKLIN DUSSAN,ASOCIACIÓN COLOMBIANA PARA LA EXCELENCIA DEL CAFE,2022 / 2023,2023-01-13,rodrigo amaya,Caturra,Washed / Wet,8,7.67,7.42,7.58,7.58,7.42,10,10,10,7.33,83,13.1,bluish-green,"January 13th, 2024",ASOCIACIÓN COLOMBIANA PARA LA EXCELENCIA DEL CAFE
Taiwan,Asia,樹橋窩莊園,A17-Northern Taiwan Specialty Coffee Evaluation,樹橋窩莊園,Taiwu Coffee Cooperative,250-300,新竹縣,王維書,Taiwan Coffee Laboratory 台灣咖啡研究室,2021 / 2022,2023-01-06,Taiwu,Typica,Pulped natural / honey,7.5,7.67,7.58,7.58,7.5,7.5,10,10,10,7.58,82.92,8.9,blue-green,"January 6th, 2024",Taiwan Coffee Laboratory 台灣咖啡研究室
Mexico,North America,Finca Tequihua,001,"Coatepec, Veracruz",La Villa Coffee Company LLC,1350,"ZONGOLICA, VERACRUZ",Martin Tequihuatle Zepahua,Centro Agroecológico del Café A.C.,2021 / 2022,2022-08-11,Alvin La Vaughn Landry,Bourbon,Washed / Wet,7.75,7.5,7.42,7.67,7.58,7.5,10,10,10,7.5,82.92,11.9,green,"August 11th, 2023",Centro Agroecológico del Café A.C.
Colombia,South America,La Argentina,CQU2022013,La Argentina,Coffee Quality Union,1350,Quindio,Augusto Torres,Japan Coffee Exchange,2021 / 2022,2022-06-16,Coffee Quality Union,Typica Gesha,Washed / Wet,7.58,7.5,7.5,7.67,7.58,7.5,10,10,10,7.58,82.92,11.5,greenish,"June 16th, 2023",Japan Coffee Exchange
Taiwan,Asia,嵩岳咖啡莊園,202203,yes,宸嶧國際有限公司,1200,"Shibi, Gukeng Township, Yunlin County 郵遞區號 , Taiwan (R.O.C.)",郭亮志,Blossom Valley International宸嶧國際,2022,2022-10-24,郭亮志 GuoLiangZhi,Gesha,NA,7.67,7.5,7.42,7.75,7.42,7.58,10,10,10,7.58,82.92,10.2,yellow-green,"October 24th, 2023",Blossom Valley International宸嶧國際
Honduras,North America,Varias,273,Beneficio Seco Comsa,Cafe Organico Marcala S.A de C.V.,1280,Marcala,Varios,Instituto Hondureño del Café,2022 / 2023,2023-04-24,Eliud Hernandez Gonzales,Catuai,Washed / Wet,7.67,7.58,7.5,7.5,7.58,7.5,10,10,10,7.5,82.83,10,green,"April 23rd, 2024",Instituto Hondureño del Café
Thailand,Asia,Doi Tung Development Project,GAYO 21/22 (Coffea Arabica),Dry Mill,Doi Tung Development Project,1300-1500,North of Thailand,Doi Tung Development Project,FABB Academy of Coffee,2022,2022-07-14,Doi Tung Development Project,Gayo,Washed / Wet,7.17,7.92,7.58,7.5,7.58,7.67,10,10,10,7.42,82.83,11.8,yellow-green,"July 14th, 2023",FABB Academy of Coffee
Vietnam,Asia,Ea tan Cooperative,VHA- S3,SIMEXCO DAKLAK LTD,SIMEXCO DAKLAK LTD,900,"Eatan Commune, Krong Nang District, Krong Nang Province",Ea Tan Cooperative,Specialty Coffee Association,2021 / 2022,2022-06-03,Simexco DakLak,Catimor,Pulped natural / honey,7.58,7.42,7.58,7.5,7.67,7.75,10,10,10,7.33,82.83,13.3,green,"June 3rd, 2023",Specialty Coffee Association
Nicaragua,North America,Finca San Felipe,017-053-0017,Beneficio Atlantic Sébaco,Exportadora Atlantic S.A,1200,Matagalpa,Exportadora Atlantic S.A.,Asociación de Cafés Especiales de Nicaragua,2022 / 2023,2023-01-30,"Exportadora Atlantic, S.A.",SHG,Natural / Dry,7.33,7.58,7.25,7.33,7.75,8.17,10,10,10,7.33,82.75,10.5,green,"January 30th, 2024",Asociación de Cafés Especiales de Nicaragua
Costa Rica,North America,AMA EL AROMA Micro lot - Sunrise,"The 2022 Pacific Rim Coffee Summit,CR01",Micro mill,Taiwan Coffee Laboratory,1450,west Villege,various producers,Taiwan Coffee Laboratory 台灣咖啡研究室,2021,2022-11-15,Taiwan Coffee Laboratory 台灣咖啡研究室,SL28,Pulped natural / honey,7.33,7.5,7.25,7.92,7.75,7.58,10,10,10,7.42,82.75,11.8,pale yellow,"November 15th, 2023",Taiwan Coffee Laboratory 台灣咖啡研究室
Colombia,South America,Federación Nacional de Cafeteros de Colombia,3/01/12857,Federación Nacional de Cafeteros de Colombia,"NIPPON COFFEE TRADING CO.,LTD.",1700,Huila,Federación Nacional de Cafeteros de Colombia,Japan Coffee Exchange,2022,2022-07-11,Yukinobu Ueda,Caturra,Washed / Wet,7.58,7.67,7.58,7.5,7.33,7.5,10,10,10,7.5,82.67,11.8,green,"July 11th, 2023",Japan Coffee Exchange
Thailand,Asia,Doi Tung Development Project,CATURRA 21/22 (Coffea Arabica),Dry Mill,Doi Tung Development Project,1200 - 1580,North of Thailand,Doi Tung Development Project,FABB Academy of Coffee,2022,2022-07-14,Doi Tung Development Project,Caturra,Washed / Wet,7.33,7.58,7.58,7.5,7.67,7.67,10,10,10,7.33,82.67,13,greenish,"July 14th, 2023",FABB Academy of Coffee
Thailand,Asia,Kevin Coffee,21/22,Dry mill,Square Root,1200,Chiang Mai,Kevin Wattana,Specialty Coffee Institute of Thailand,2021 / 2022,2022-06-14,Sajcha tawaytibhong,"Bourbon, Catimor, Caturra, Typica",Natural / Dry,7.5,7.58,7.5,7.42,7.5,7.58,10,10,10,7.58,82.67,11.2,yellow green,"June 14th, 2023",Specialty Coffee Institute of Thailand
Honduras,North America,Bethel,197,CADEXSA,CADEXSA,1450,los planes de santa maria la paz,Omar Acosta,Instituto Hondureño del Café,2022 / 2023,2023-04-25,CADEXSA,Catuai,Washed / Wet,7.67,7.58,7.33,7.5,7.58,7.5,10,10,10,7.5,82.67,9.6,green,"April 24th, 2024",Instituto Hondureño del Café
Taiwan,Asia,銅鏡莊園,A01-Northern Taiwan Specialty Coffee Evaluation,銅鏡莊園,Taiwu Coffee Cooperative,165,苗栗縣,吳聲發,Taiwan Coffee Laboratory 台灣咖啡研究室,2021 / 2022,2023-01-06,Taiwu,unknow,Natural / Dry,7.67,7.67,7.42,7.42,7.42,7.5,10,10,10,7.5,82.58,9.8,green,"January 6th, 2024",Taiwan Coffee Laboratory 台灣咖啡研究室
Taiwan,Asia,掬香園,A22-Northern Taiwan Specialty Coffee Evaluation,掬香園,Taiwu Coffee Cooperative,465,苗栗縣,謝櫞楨,Taiwan Coffee Laboratory 台灣咖啡研究室,2021 / 2022,2023-01-06,Taiwu,Caturra,Washed / Wet,7.67,7.58,7.42,7.42,7.5,7.5,10,10,10,7.5,82.58,8.4,blue-green,"January 6th, 2024",Taiwan Coffee Laboratory 台灣咖啡研究室
Nicaragua,North America,Finca Las Dos Marias,4 -3.1,"Compare Coperativo Condega, Esteli, Nicaragua",NicaNoLA Coffee,1350,ESTELI,NicaNoLA Coffee,Specialty Coffee Association,2021 / 2022,2022-06-20,rene j alcebo,Parainema,Washed / Wet,7.5,7.58,7.42,7.58,7.5,7.58,10,10,10,7.42,82.58,10.1,green,"June 20th, 2023",Specialty Coffee Association
El Salvador,North America,Agua Caliente,1-26,Agua Caliente,Consejo Salvadoreño del Café,1200,Apaneca - Ilamatepec,"J.J. Borja Nathan, S.A.",Salvadoran Coffee Council,2022 / 2023,2023-03-03,Consejo Salvadoreño del Café,Bourbon,Washed / Wet,7.67,7.33,7.17,7.67,7.83,7.5,10,10,10,7.33,82.5,11.3,green,"March 2nd, 2024",Salvadoran Coffee Council
Panama,North America,Finca Lerida,P03769,Finca Lerida,Panamerican Coffee Trading,1200,Boquete,Finca Lerida,Specialty Coffee Association of Costa Rica,2021 / 2022,2022-05-25,Rodrigo Soto,Caturra,Washed / Wet,7.75,7.67,7.17,7.67,7.42,7.42,10,10,10,7.42,82.5,10,green,"May 25th, 2023",Specialty Coffee Association of Costa Rica
Brazil,South America,Fazenda Pedra Preta,MVB-QCert-001/2022,COPAG VARGINHA,Man Volcafe Brasil Ltda.,1100,MANTIQUEIRA / SUL DE MINAS,Eduardo Niero de Souza,Brazil Specialty Coffee Association,2022 / 2023,2022-11-03,ED&F Man Volcafe Brasil Ltda.,Mundo Novo,Natural / Dry,7.5,7.58,7.5,7.5,7.67,7.42,10,10,10,7.33,82.5,11.8,bluish-green,"November 3rd, 2023",Brazil Specialty Coffee Association
United States (Hawaii),North America,Kainaliu Farm,"The 2022 Pacific Rim Coffee Summit,US03",Aloha Hills Kona Coffee,Taiwan Coffee Laboratory,640,Kona,Kainaliu-Kona Coffee Company,Taiwan Coffee Laboratory 台灣咖啡研究室,2022,2022-11-15,Taiwan Coffee Laboratory 台灣咖啡研究室,Maragogype,Washed / Wet,7.33,7.58,7.5,7.5,7.5,7.58,10,10,10,7.5,82.5,11.7,blue-green,"November 15th, 2023",Taiwan Coffee Laboratory 台灣咖啡研究室
Mexico,North America,Las Trincheras,"The 2022 Pacific Rim Coffee Summit,MX01",Las Trincheras,Taiwan Coffee Laboratory,1340,Veracruz,Jose Cienfuegos,Taiwan Coffee Laboratory 台灣咖啡研究室,2021,2022-11-15,Full Sweet Coffee,Pacamara,Washed / Wet,7.67,7.42,7.5,7.5,7.67,7.42,10,10,10,7.33,82.5,10.7,pale yellow,"November 15th, 2023",Taiwan Coffee Laboratory 台灣咖啡研究室
Honduras,North America,La Cuchilla,185,CIGRAH,Mercon Honduras,1368,"Centro, Lagunetillas - Ajuterique, Comayagua",Fausto Nahun Maldonado,Instituto Hondureño del Café,2021 / 2022,2022-05-23,Comercial Internacional de Granos de Honduras SA de CV,Catuai,Washed / Wet,7.58,7.58,7.33,7.5,7.58,7.42,10,10,10,7.5,82.5,10.6,green,"May 23rd, 2023",Instituto Hondureño del Café
Taiwan,Asia,弘欣咖啡園,A02-Northern Taiwan Specialty Coffee Evaluation,弘欣咖啡園,Taiwu Coffee Cooperative,139,新竹縣,胡明杰,Taiwan Coffee Laboratory 台灣咖啡研究室,2021 / 2022,2023-01-06,Taiwu,unknown,Washed / Wet,7.42,7.42,7.58,7.42,7.58,7.5,10,10,10,7.58,82.5,8.4,green,"January 6th, 2024",Taiwan Coffee Laboratory 台灣咖啡研究室
Nicaragua,North America,Finca Aurora,1,Beneficio Seco Finca Aurora,Mr.Brown Cafe,1200-1350,"Matagalpa, Nicaragua",Sabio Coffee - Enrique Ferrufino & Tania Ferrufino,Taiwan Coffee Laboratory 台灣咖啡研究室,2021 / 2022,2022-12-30,MR.BROWN CAFE,Caturra-Catuai,Washed / Wet,7.58,7.58,7.42,7.42,7.5,7.5,10,10,10,7.42,82.42,11.4,bluish-green,"December 30th, 2023",Taiwan Coffee Laboratory 台灣咖啡研究室
Vietnam,Asia,Apollo Estate,Apollo Washed 2021,Dry Mill,"Sunvirtue Co., Ltd.",1040,Dalat,"Yeh,Li Chuan",Specialty Coffee Association,2021,2022-06-01,"Sunvirtue Co., Ltd.",Catimor,Washed / Wet,7.5,7.5,7.33,7.5,7.5,7.42,10,10,10,7.58,82.33,10.5,bluish-green,"June 1st, 2023",Specialty Coffee Association
El Salvador,North America,Agua Caliente,1-26,Agua Caliente,Consejo Salvadoreño del Café,1200,Apaneca - Ilamatepec,"J.J. Borja Nathan, S.A.",Salvadoran Coffee Council,2022 / 2023,2023-02-21,Consejo Salvadoreño del Café,Bourbon,Washed / Wet,7.5,7.5,7.42,7.42,7.42,7.67,10,10,10,7.42,82.33,12,green,"February 21st, 2024",Salvadoran Coffee Council
El Salvador,North America,Agua Caliente,1-74,Agua Caliente,Consejo Salvadoreño del Café,1200,Apaneca - Ilamatepec,"J.J. Borja Nathan, S.A.",Salvadoran Coffee Council,2021 / 2022,2022-07-07,Consejo Salvadoreño del Café,Bourbon,Washed / Wet,7.33,7.67,7.25,7.67,7.83,7.42,10,10,10,7.17,82.33,11.8,bluish-green,"July 7th, 2023",Salvadoran Coffee Council
Taiwan,Asia,寶山謐靚,A48-Northern Taiwan Specialty Coffee Evaluation,寶山謐靚,Taiwu Coffee Cooperative,140,新竹縣,宋煦仁,Taiwan Coffee Laboratory 台灣咖啡研究室,2021 / 2022,2023-01-06,Taiwu,unknown,Natural / Dry,7.67,7.58,7.42,7.5,7.33,7.42,10,10,10,7.42,82.33,10.8,green,"January 6th, 2024",Taiwan Coffee Laboratory 台灣咖啡研究室
Peru,South America,Fundo La Libertado,PR138,Planta Callao,Itochu Corporation,1600,"Chanchamayo, La Merced",Sand Crispin Espiritu,Japan Coffee Exchange,2022 / 2023,2022-07-11,Kiichiro Iwata,Caturra,Washed / Wet,7.67,7.5,7.33,7.58,7.33,7.42,10,10,10,7.42,82.25,11.7,greenish,"July 11th, 2023",Japan Coffee Exchange
United States (Hawaii),North America,Manny's Farm,Islander’s Coffee for Pacific Rim Summit,Manny's Farm,Taiwan Coffee Laboratory,1200,Kona district of Big Island,Manny Ochoa,Taiwan Coffee Laboratory 台灣咖啡研究室,2022,2022-11-09,Taiwan Coffee Laboratory 台灣咖啡研究室,Typica,Washed / Wet,7.75,7.42,7.33,7.5,7.33,7.5,10,10,10,7.33,82.17,10.6,green,"November 9th, 2023",Taiwan Coffee Laboratory 台灣咖啡研究室
Kenya,Africa,Kenyan Highlands,CQU2023004,TAYLOR WINCH,Coffee Quality Union,1500-1950,Kericho,Slelected small holder,Japan Coffee Exchange,2022,2023-04-07,Coffee Quality Union,"SL28,SL34,Ruiru11",Washed / Wet,7.5,7.5,7.42,7.5,7.25,7.5,10,10,10,7.5,82.17,11.2,green,"April 6th, 2024",Japan Coffee Exchange
Honduras,North America,La Cuchilla,184,CIGRAH,Mercon Honduras,1368,"Centro, Lagunetillas - Ajuterique, Comayagua",Fausto Nahun Maldonado,Instituto Hondureño del Café,2021 / 2022,2022-05-23,Comercial Internacional de Granos de Honduras SA de CV,Catuai,Washed / Wet,7.67,7.5,7.25,7.5,7.5,7.33,10,10,10,7.42,82.17,10.6,green,"May 23rd, 2023",Instituto Hondureño del Café
Taiwan,Asia,金暖農場,A43-Northern Taiwan Specialty Coffee Evaluation,金暖農場,Taiwu Coffee Cooperative,600,桃園市,何育達,Taiwan Coffee Laboratory 台灣咖啡研究室,2021 / 2022,2023-01-06,Taiwu,unknown,Washed / Wet,7.5,7.67,7.33,7.5,7.25,7.33,10,10,10,7.5,82.08,9.7,bluish-green,"January 6th, 2024",Taiwan Coffee Laboratory 台灣咖啡研究室
Taiwan,Asia,好客農埸,A34-Northern Taiwan Specialty Coffee Evaluation,好客農埸,Taiwu Coffee Cooperative,460,苗栗縣,彭聰明,Taiwan Coffee Laboratory 台灣咖啡研究室,2021 / 2022,2023-01-06,Taiwu,unknown,Pulped natural / honey,7.33,7.42,7.42,7.5,7.42,7.5,10,10,10,7.5,82.08,8.1,greenish,"January 6th, 2024",Taiwan Coffee Laboratory 台灣咖啡研究室
Taiwan,Asia,拉拉山祖嵐咖啡莊園,A50-Northern Taiwan Specialty Coffee Evaluation,拉拉山祖嵐咖啡莊園,Taiwu Coffee Cooperative,500,桃園市,宗素霞,Taiwan Coffee Laboratory 台灣咖啡研究室,2021 / 2022,2023-01-06,Taiwu,unknown,Washed / Wet,7.5,7.58,7.42,7.42,7.25,7.42,10,10,10,7.42,82,8.2,green,"January 6th, 2024",Taiwan Coffee Laboratory 台灣咖啡研究室
Thailand,Asia,Doi Tung Development Project,MIXED DT 21/22 (Coffea Arabica),Dry Mill,Doi Tung Development Project,800-1200,North of Thailand,Doi Tung Development Project,FABB Academy of Coffee,2022,2022-07-14,Doi Tung Development Project,Catimor,Washed / Wet,7.17,7.5,7.42,7.42,7.58,7.5,10,10,10,7.42,82,9.8,green,"July 14th, 2023",FABB Academy of Coffee
Costa Rica,North America,San Diego Mill,S019194 - P04178,Dosmil,Beneficios Volcafé Costa Rica,1500,Corralillo Tarrazu,San Diego Mill,Specialty Coffee Association of Costa Rica,2018 / 2019,2023-03-29,Volcafe Japan,Caturra,Washed / Wet,7.42,7.42,7.42,7.33,7.58,7.33,10,10,10,7.5,82,10.5,green,"March 28th, 2024",Specialty Coffee Association of Costa Rica
Guatemala,North America,Not Specificated,SA4238,Dry Mill of Exportcafe,Marubeni Corporation,1350-1550,Oriente,"Exportcafe, S.A.",Japan Coffee Exchange,2021 / 2022,2022-11-28,Ikuto Uehara,NA,Washed / Wet,7.42,7.42,7.42,7.33,7.5,7.42,10,10,10,7.5,82,11.5,blue-green,"November 28th, 2023",Japan Coffee Exchange
Indonesia,Asia,Wahana Graha Makmur,015/1686/057,PT. Wahana Graha Makmur Medan,InterAmerican Coffee,1350,Sumatra,PT. Wahana Graha Makmur Group,NKG Quality Service (a division of Bernhard Rothfos Intercafé AG),2022,2022-08-22,Charles Umeano,NA,Pulped natural / honey,7.67,7.33,7.25,7.67,7.42,7.25,10,10,10,7.42,82,12.5,bluish-green,"August 22nd, 2023",NKG Quality Service (a division of Bernhard Rothfos Intercafé AG)
Peru,South America,Fundo La Libertad,301R,Planta Callao,Itochu Corporation,1600,"Chanchamayo, La Merced",Sandro Crispin Espiritu,Japan Coffee Exchange,2022 / 2023,2022-07-11,Kiichiro Iwata,Caturra,Washed / Wet,7.5,7.5,7.33,7.5,7.33,7.33,10,10,10,7.42,81.92,11.6,greenish,"July 11th, 2023",Japan Coffee Exchange
Guatemala,North America,MULTIPLE SMALLHOLDER FARMS,GF-23392,MULTIPLE SMALLHOLDER FARMS,"HARU International Corp, 守成咖啡",1200~1600,Antigua,La Minita,Taiwan Coffee Laboratory 台灣咖啡研究室,2022,2022-11-03,Anderson Wong,Caturra,Washed / Wet,7.33,7.42,7.33,7.42,7.58,7.42,10,10,10,7.42,81.92,10.3,greenish,"November 3rd, 2023",Taiwan Coffee Laboratory 台灣咖啡研究室
Taiwan,Asia,阿拉思家,A10-Northern Taiwan Specialty Coffee Evaluation,阿拉思家,Taiwu Coffee Cooperative,300,桃園市,李秀圓,Taiwan Coffee Laboratory 台灣咖啡研究室,2021 / 2022,2023-01-06,Taiwu,Typica,Pulped natural / honey,7.25,7.42,7.42,7.5,7.42,7.42,10,10,10,7.42,81.83,11.3,green,"January 6th, 2024",Taiwan Coffee Laboratory 台灣咖啡研究室
Vietnam,Asia,Gaia Farms,221221,Hulling Facility,Brew Baby Coffee Company,5400,Lam Dong Province,Viet Coffee Company Limited,Firedancer Coffee Consultants,2022 / 2023,2023-04-10,Rodney Murray,Catimor,Pulped natural / honey,7.5,7.5,7.25,7.42,7.42,7.42,10,10,10,7.33,81.83,11.2,green,"April 9th, 2024",Firedancer Coffee Consultants
Brazil,South America,Sitio Colinas,CQU2023007,COCARIVE,Coffee Quality Union,1000,Mantiquira de minas,Luis Flavio Pereira de Castro,Japan Coffee Exchange,2022,2023-04-07,Coffee Quality Union,Yellow Catuai,Pulped natural / honey,7.5,7.5,7.42,7.33,7.33,7.33,10,10,10,7.42,81.83,11.3,pale yellow,"April 6th, 2024",Japan Coffee Exchange
Brazil,South America,Fazenda Olhos Dagua,1,Owned by producer,Mr.Brown Cafe,900-1000,Sul de Minas,Paulo Enidio Crabi,Taiwan Coffee Laboratory 台灣咖啡研究室,2021,2022-12-30,MR.BROWN CAFE,Catucai,Natural / Dry,7.42,7.5,7.58,7.33,7.33,7.25,10,10,10,7.33,81.75,11.1,yellow-green,"December 30th, 2023",Taiwan Coffee Laboratory 台灣咖啡研究室
Colombia,South America,More than one,1,Trilladora CCA Buga,Mr.Brown Cafe,1574,Santander,More than one,Taiwan Coffee Laboratory 台灣咖啡研究室,2021,2022-12-30,MR.BROWN CAFE,Santander,Washed / Wet,7.33,7.5,7.33,7.42,7.42,7.42,10,10,10,7.33,81.75,11.2,yellow-green,"December 30th, 2023",Taiwan Coffee Laboratory 台灣咖啡研究室
Mexico,North America,Finca San José,002,"Coatepec, Veracruz",La Villa Coffee Company LLC,1200,"Coatepec, Veracruz",José Gerardo Gutierrez Morales,Centro Agroecológico del Café A.C.,2021 / 2022,2022-08-11,Alvin La Vaughn Landry,Typica,Washed / Wet,7.58,7.42,7.25,7.25,7.5,7.33,10,10,10,7.33,81.67,11.8,green,"August 11th, 2023",Centro Agroecológico del Café A.C.
Costa Rica,North America,HACIENDA SAN IGNACIO,OIC 5-019-0037/ Contenedor: DRYU3106597 / Cliente: O COFFEE,Beneficio La Giorgia,Grupo ECOM,1200,occidente,FJO ORLICH HNO LTDA,Specialty Coffee Association of Costa Rica,2022 / 2023,2023-03-29,Ruddy Azofeifa,Caturra,Washed / Wet,7.33,7.42,7.25,7.42,7.42,7.33,10,10,10,7.42,81.58,9.7,green,"March 28th, 2024",Specialty Coffee Association of Costa Rica
Taiwan,Asia,橫鹿,A46-Northern Taiwan Specialty Coffee Evaluation,橫鹿,Taiwu Coffee Cooperative,300,新北市,呂星輝,Taiwan Coffee Laboratory 台灣咖啡研究室,2021 / 2022,2023-01-06,Taiwu,Typica,Pulped natural / honey,7.42,7.5,7.33,7.33,7.33,7.33,10,10,10,7.33,81.58,9,yellow-green,"January 6th, 2024",Taiwan Coffee Laboratory 台灣咖啡研究室
Taiwan,Asia,大屯29莊園,A38-Northern Taiwan Specialty Coffee Evaluation,大屯29莊園,Taiwu Coffee Cooperative,435,臺北市,侯奕瑋,Taiwan Coffee Laboratory 台灣咖啡研究室,2021 / 2022,2023-01-06,Taiwu,unknown,Pulped natural / honey,7.33,7.5,7.42,7.33,7.33,7.25,10,10,10,7.33,81.5,8.5,green,"January 6th, 2024",Taiwan Coffee Laboratory 台灣咖啡研究室
Thailand,Asia,Doi Tung Development Project,JAVA 21/22 (Coffea Arabica),Dry Mill,Doi Tung Development Project,1300-1500,North of Thailand,Doi Tung Development Project,FABB Academy of Coffee,2022,2022-07-14,Doi Tung Development Project,Java,Washed / Wet,7.33,7.42,7.25,7.33,7.5,7.42,10,10,10,7.17,81.42,11.6,green,"July 14th, 2023",FABB Academy of Coffee
Thailand,Asia,Doi Lan,"The 2022 Pacific Rim Coffee Summit,TH07",Miramar Coffee,Taiwan Coffee Laboratory,1400,Chiang Rai,Prakol Saelee,Taiwan Coffee Laboratory 台灣咖啡研究室,2021,2022-11-15,Full Sweet Coffee,Typica Bourbon Caturra Catimor,Natural / Dry,7.42,7.25,7.33,7.42,7.33,7.33,10,10,10,7.25,81.33,10.5,yellowish,"November 15th, 2023",Taiwan Coffee Laboratory 台灣咖啡研究室
Thailand,Asia,Doi Tung Development Project,MIXED 21/22 (Coffea Arabica),Dry Mill,Doi Tung Development Project,600-800,North of Thailand,Doi Tung Development Project,FABB Academy of Coffee,2022,2022-07-14,Doi Tung Development Project,Catimor,Washed / Wet,7.25,7.25,7.42,7.25,7.42,7.42,10,10,10,7.17,81.17,10.4,green,"July 14th, 2023",FABB Academy of Coffee
Colombia,South America,Escalera,CQU2022019,Escalera,Coffee Quality Union,1300-1800,Cauca,Escalera,Japan Coffee Exchange,2021 / 2022,2022-12-22,Coffee Quality Union,"Caturra,Colombia,Castillo",Washed / Wet,7.42,7.25,7.25,7.42,7.17,7.33,10,10,10,7.33,81.17,11.4,greenish,"December 22nd, 2023",Japan Coffee Exchange
Brazil,South America,Various farm,0038,Dry Mill of Cocapil,Marubeni Corporation,1200,Alta Mogiana-Ibiraci,Cocapil,Japan Coffee Exchange,2022 / 2023,2023-04-17,Ikuto Uehara,NA,Natural / Dry,7.42,7.42,7.25,7.25,7.17,7.25,10,10,10,7.25,81,10.6,greenish,"April 16th, 2024",Japan Coffee Exchange
El Salvador,North America,"Rosario de Maria II, Area de Loma Alta",0623C01,"Optimum Coffee, San Salvador, El Salvador",Aprentium Enterprises LLC,1400,"Volcan Chinchontepek, San Vicente, El Salvador",Roselia Yglesias,Salvadoran Coffee Council,2023,2023-03-08,Roselia Yglesias,Bourbon,Natural / Dry,7.42,7.33,7.33,7.5,7.08,7,10,10,10,7.17,80.83,10.5,bluish-green,"March 7th, 2024",Salvadoran Coffee Council
Nicaragua,North America,EXPORTADORA ATLANTIC S.A,017/053/0603,Lavado,ISHIMITSU,1100,NA,Varios Productores,Japan Coffee Exchange,2021,2022-07-11,丸山花織,Caturra,Washed / Wet,7.25,7.25,7.17,7.33,7.08,7.25,10,10,10,7.17,80.5,11.5,greenish,"July 11th, 2023",Japan Coffee Exchange
Nicaragua,North America,Sajonia Estate Coffee S.A.,1,Sajonia Estate Coffee S.A.,SAJONIA ESTATE COFFEE S.A.,1000,Jinotega,Sajonia Estate Coffee S.A.,Asociación de Cafés Especiales de Nicaragua,2022 / 2023,2023-04-20,SAJONIA ESTATE COFFEE S.A.,Sarchimor,Washed / Wet,7.42,7.17,7,7.08,7.42,7.17,10,10,10,7.17,80.42,11.2,green,"April 19th, 2024",Asociación de Cafés Especiales de Nicaragua
Colombia,South America,Finca Mallorca,CQU2023001,Finca Mallorca,Coffee Quality Union,1600,"Caicedonia,Valle del Cauca",Finca Mallorca,Japan Coffee Exchange,2022,2023-03-06,Coffee Quality Union,"Castillo,Caturra,Bourbon",Washed / Wet,7.25,7.25,7.17,7.33,7,7.17,10,10,10,7.25,80.42,11,greenish,"March 5th, 2024",Japan Coffee Exchange
Peru,South America,Fundo La Libertad,PR137,Callao Plant,Itochu Corporation,1600,"Chanchamayo, Lamerced",Sandro Crispin Espiritu,Japan Coffee Exchange,2022 / 2023,2022-06-10,Kiichiro Iwata,Caturra,Washed / Wet,7.5,7.25,7.17,7.17,7.17,7.08,10,10,10,7,80.33,11.8,greenish,"June 10th, 2023",Japan Coffee Exchange
El Salvador,North America,"Rosario de Maria II, Area de Menjivar",0523B01,"Optimum Coffee, San Salvador, El Salvador",Aprentium Enterprises LLC,1300,"Volcan Chinchontepek, San Vicente, El Salvador",Roselia Yglesias,Salvadoran Coffee Council,2023,2023-03-08,Roselia Yglesias,Pacas,Natural / Dry,7.08,7.25,7.08,7.42,7.42,7.08,10,10,10,7,80.33,11.5,bluish-green,"March 7th, 2024",Salvadoran Coffee Council
Brazil,South America,Various farm,002/1738/0029,Dry mill,marubeni,1200,Alta Mogiana-Ibiraci,COCAPIL,Japan Coffee Exchange,2021 / 2022,2022-07-20,Ikuto Uehara,Catuai and Mundo Novo,Natural / Dry,7.25,7.17,7.17,7.08,7.17,7.17,10,10,10,7.17,80.17,11.6,greenish,"July 20th, 2023",Japan Coffee Exchange
Brazil,South America,Fazenda Conquista,019/22,Dry Mill,Ipanema Coffees,950,Sul de Minas,Ipanema Coffees,Brazil Specialty Coffee Association,2022 / 2023,2023-02-02,Ipanema Coffees,Mundo Novo,Natural / Dry,7.17,7.17,6.92,7.17,7.42,7.17,10,10,10,7.08,80.08,11.4,green,"February 2nd, 2024",Brazil Specialty Coffee Association
Nicaragua,North America,Finca San Felipe,017-053-0155,Beneficio Atlantic Sébaco,Exportadora Atlantic S.A,1200,Matagalpa,Exportadora Atlantic S.A.,Asociación de Cafés Especiales de Nicaragua,2022 / 2023,2023-03-03,"Exportadora Atlantic, S.A.",SHG,Natural / Dry,7.33,7.08,6.75,7.17,7.42,7.17,10,10,10,7.08,80,10.4,green,"March 2nd, 2024",Asociación de Cafés Especiales de Nicaragua
Laos,Asia,-,105/3/VL7285-005,DRY MILL,Marubeni Corporation,1300,Bolaven Plateau,"LAO MINH TIEN COFFEE SOLE CO.,LTD",Japan Coffee Exchange,2021 / 2022,2022-11-11,Ikuto Uehara,Catimor,Washed / Wet,7.25,7.17,7.08,7,7.08,7.08,10,10,10,7,79.67,11.6,green,"November 11th, 2023",Japan Coffee Exchange
El Salvador,North America,"Rosario de Maria II, Area de La Pila",0423A01,"Optimum Coffee, San Salvador, El Salvador",Aprentium Enterprises LLC,1200,"Volcan de San Vicente, La Paz, El Salvador",Roselia Yglesias,Salvadoran Coffee Council,2023,2023-03-08,Roselia Yglesias,Maragogype,Natural / Dry,6.5,6.75,6.75,7.17,7.08,7,10,10,10,6.83,78.08,11,bluish-green,"March 7th, 2024",Salvadoran Coffee Council
Brazil,South America,Walter Matter,1058 y 1059,Beneficio humedo/seco,Descafeinadores Mexicano SA. de CV,850-1100,Minas Gerais,Walter Matter,Centro Agroecológico del Café A.C.,2021 / 2022,2022-11-18,Descafeinadores Mexicanos S.A de C.V,Mundo Novo,SEMI-LAVADO,7.25,7.08,6.67,6.83,6.83,6.67,10,10,10,6.67,78,11.3,green,"November 18th, 2023",Centro Agroecológico del Café A.C.
